30,0.045123,0.700081,0.524737,0.659212
30,0.045489,0.700191,0.524003,0.659313
30,0.045903,0.700210,0.523785,0.659313
30,0.045782,0.700210,0.523676,0.659124
30,0.045444,0.700210,0.523785,0.659212
30,0.045703,0.700191,0.524003,0.659615
30,0.045168,0.700191,0.524003,0.659313
30,0.044448,0.700245,0.524315,0.659905
30,0.044983,0.700283,0.524424,0.659615
30,0.045199,0.700210,0.523894,0.659703
30,0.044709,0.700210,0.524315,0.659615
30,0.044785,0.700283,0.524737,0.660396
30,0.045229,0.700172,0.524003,0.659905
30,0.045582,0.700264,0.524003,0.659703
30,0.045152,0.700393,0.524954,0.660625
30,0.045199,0.700301,0.524315,0.660006
30,0.044891,0.700374,0.524737,0.660625
30,0.046286,0.700336,0.524098,0.660207
30,0.045689,0.700374,0.524424,0.660668
30,0.044754,0.700318,0.524098,0.659804
30,0.045091,0.700409,0.524424,0.660625
30,0.045521,0.700374,0.524954,0.660106
30,0.045091,0.700355,0.525376,0.660295
30,0.044891,0.700226,0.525172,0.659905
30,0.045550,0.700503,0.525172,0.660668
30,0.045795,0.700245,0.523894,0.659703
30,0.045613,0.700393,0.525593,0.660207
30,0.045842,0.700409,0.524846,0.660717
30,0.045521,0.700428,0.525906,0.661056
30,0.045152,0.700519,0.525702,0.660957
30,0.172189,0.510151,0.310100,0.396243
30,0.170623,0.508400,0.309399,0.394238
30,0.171816,0.510552,0.310333,0.397004
30,0.173525,0.507825,0.309866,0.394903
30,0.172704,0.511527,0.310447,0.396832
30,0.174202,0.510752,0.310293,0.395664
30,0.173305,0.508975,0.309712,0.394903
30,0.170843,0.512303,0.310333,0.397422
30,0.174498,0.512303,0.310487,0.397090
30,0.175319,0.509976,0.310407,0.396918
30,0.171511,0.507825,0.309826,0.394828
30,0.170175,0.510552,0.310641,0.397004
30,0.172332,0.512103,0.310800,0.397004
30,0.175987,0.511727,0.310020,0.394988
30,0.175844,0.506849,0.309866,0.394485
30,0.175395,0.512303,0.310179,0.395492
30,0.173009,0.510952,0.310760,0.396918
30,0.173152,0.513103,0.310914,0.397251
30,0.172933,0.512303,0.310835,0.397754
30,0.176359,0.512703,0.311068,0.397508
30,0.176961,0.512103,0.310800,0.397422
30,0.176808,0.512503,0.311068,0.397508
30,0.175319,0.510952,0.310214,0.394152
30,0.174718,0.513479,0.311028,0.398087
30,0.173152,0.513278,0.311028,0.397840
30,0.174345,0.513103,0.311068,0.397754
30,0.176216,0.513679,0.311187,0.398173
30,0.175395,0.513278,0.310487,0.395750
30,0.172561,0.508000,0.310566,0.395996
30,0.173382,0.513103,0.311147,0.396500
30,0.334847,0.534394,0.416276,0.601744
30,0.336444,0.535369,0.417993,0.602236
30,0.331859,0.534594,0.416401,0.602135
30,0.337469,0.534594,0.416213,0.601933
30,0.333470,0.533418,0.415852,0.601618
30,0.336209,0.534594,0.417867,0.602236
30,0.329808,0.533993,0.416095,0.602034
30,0.329120,0.534994,0.416644,0.602425
30,0.330716,0.534994,0.416276,0.602626
30,0.332328,0.535570,0.416887,0.602828
30,0.331859,0.533993,0.416213,0.601933
30,0.329237,0.535770,0.418173,0.603017
30,0.328314,0.534394,0.416644,0.602425
30,0.326717,0.534794,0.416707,0.602727
30,0.332093,0.535970,0.419099,0.603420
30,0.328549,0.534794,0.416401,0.602525
30,0.327054,0.535770,0.416707,0.602828
30,0.329691,0.536345,0.417562,0.603609
30,0.329691,0.535970,0.417138,0.603319
30,0.332328,0.536545,0.417624,0.603118
30,0.335638,0.535770,0.416770,0.603118
30,0.330599,0.535570,0.417319,0.603118
30,0.335301,0.536946,0.416887,0.602525
30,0.330145,0.535770,0.416950,0.602828
30,0.323846,0.535169,0.417256,0.602828
30,0.327508,0.535970,0.417013,0.603508
30,0.327406,0.537121,0.417319,0.603319
30,0.333236,0.535169,0.416832,0.602626
30,0.326263,0.535369,0.416887,0.603118
30,0.327172,0.535970,0.417013,0.602929
30,0.279122,0.429407,0.397534,0.432777
30,0.280747,0.429370,0.397283,0.433043
30,0.276004,0.429480,0.397589,0.432910
30,0.277956,0.429351,0.397346,0.432129
30,0.276932,0.429498,0.398820,0.432777
30,0.277444,0.429407,0.397409,0.431996
30,0.276284,0.429552,0.398209,0.434206
30,0.276700,0.429515,0.397777,0.433425
30,0.279027,0.429661,0.399675,0.435120
30,0.275867,0.429407,0.397534,0.433043
30,0.277355,0.429605,0.398146,0.434339
30,0.278747,0.429643,0.397958,0.433824
30,0.277956,0.429605,0.398209,0.434605
30,0.277402,0.429643,0.398263,0.433691
30,0.278188,0.429589,0.398389,0.434339
30,0.278051,0.429661,0.398757,0.434605
30,0.276795,0.429734,0.398820,0.434721
30,0.277676,0.429699,0.398695,0.434987
30,0.278146,0.429715,0.398820,0.434987
30,0.279164,0.429734,0.399369,0.435369
30,0.279443,0.429734,0.399432,0.433824
30,0.276795,0.429734,0.399306,0.434339
30,0.277539,0.429680,0.398326,0.434854
30,0.277355,0.429715,0.399063,0.435120
30,0.276700,0.429825,0.398883,0.435502
30,0.276932,0.429806,0.399063,0.435120
30,0.277164,0.429752,0.398632,0.434987
30,0.276700,0.429862,0.399244,0.435768
30,0.276468,0.429734,0.398757,0.435120
30,0.276331,0.429843,0.399306,0.435768
30,0.170022,0.357070,0.328644,0.305359
30,0.170022,0.356442,0.328684,0.305359
30,0.169125,0.356963,0.328996,0.305295
30,0.169278,0.356656,0.328644,0.305166
30,0.173009,0.357484,0.328957,0.305488
30,0.168008,0.356656,0.328837,0.305166
30,0.167187,0.356963,0.328763,0.305544
30,0.173305,0.356870,0.328803,0.305488
30,0.170690,0.357484,0.328803,0.305295
30,0.170996,0.356870,0.328803,0.305295
30,0.173382,0.357070,0.328684,0.305488
30,0.175166,0.357484,0.328803,0.305673
30,0.174718,0.357177,0.328763,0.305488
30,0.170767,0.357284,0.329851,0.305737
30,0.171883,0.357284,0.329111,0.305802
30,0.167636,0.356963,0.329071,0.305609
30,0.168905,0.357391,0.329692,0.305673
30,0.169573,0.357484,0.329150,0.305922
30,0.171291,0.357591,0.329071,0.305737
30,0.169650,0.357591,0.329498,0.306115
30,0.172484,0.357698,0.329652,0.305987
30,0.171959,0.357591,0.329692,0.305987
30,0.171740,0.357698,0.329304,0.306115
30,0.171664,0.357698,0.329265,0.305987
30,0.173305,0.357698,0.330005,0.305987
30,0.171139,0.357591,0.329265,0.305922
30,0.169058,0.358112,0.329344,0.306115
30,0.170394,0.357805,0.329498,0.306115
30,0.169430,0.358006,0.329538,0.306549
30,0.171883,0.357698,0.329344,0.306429
30,0.124625,0.247626,0.273150,0.257050
30,0.129626,0.247372,0.272785,0.256985
30,0.127851,0.247372,0.271147,0.255104
30,0.126206,0.247372,0.273361,0.257299
30,0.126084,0.247372,0.273214,0.257178
30,0.126465,0.248032,0.273361,0.257363
30,0.128743,0.248032,0.273434,0.257235
30,0.126781,0.247626,0.273361,0.257805
30,0.128297,0.247626,0.273507,0.257612
30,0.128929,0.248168,0.273361,0.257556
30,0.126838,0.247626,0.273571,0.257178
30,0.125954,0.248304,0.273645,0.257612
30,0.126652,0.248032,0.273791,0.257427
30,0.127535,0.248304,0.273507,0.257677
30,0.125257,0.248422,0.273507,0.257612
30,0.124876,0.248829,0.273718,0.257990
30,0.125452,0.248693,0.273645,0.257677
30,0.125768,0.249083,0.273928,0.258304
30,0.125703,0.248168,0.274148,0.257612
30,0.127284,0.249083,0.274001,0.257870
30,0.126968,0.250150,0.274221,0.257926
30,0.126522,0.248693,0.274001,0.257612
30,0.129626,0.249743,0.273864,0.258433
30,0.127414,0.248558,0.274074,0.257741
30,0.129562,0.249354,0.274148,0.258240
30,0.129505,0.250150,0.274431,0.257178
30,0.125890,0.249489,0.274358,0.258682
30,0.128297,0.249879,0.274358,0.258183
30,0.129124,0.249743,0.274358,0.258497
30,0.128994,0.249743,0.274651,0.258304
30,0.579748,0.440976,0.455644,0.429670
30,0.573486,0.440176,0.454487,0.430052
30,0.578753,0.441351,0.454807,0.430700
30,0.575862,0.440376,0.454675,0.429786
30,0.577372,0.440976,0.454996,0.430052
30,0.576874,0.441151,0.454996,0.429786
30,0.577500,0.442152,0.454938,0.430451
30,0.580374,0.441351,0.454872,0.429786
30,0.574481,0.441552,0.455324,0.430318
30,0.573101,0.440776,0.454741,0.429919
30,0.572474,0.442527,0.455324,0.430451
30,0.571479,0.440976,0.455127,0.430567
30,0.578496,0.442527,0.455578,0.430966
30,0.571350,0.441752,0.455061,0.430833
30,0.576248,0.442727,0.455513,0.431099
30,0.570596,0.442727,0.455381,0.431215
30,0.574353,0.443303,0.455381,0.431863
30,0.577629,0.441752,0.454938,0.430451
30,0.581643,0.442727,0.455702,0.432129
30,0.578255,0.441952,0.454996,0.430185
30,0.572860,0.444103,0.456022,0.432129
30,0.576119,0.442727,0.455193,0.431215
30,0.573855,0.443903,0.456925,0.432395
30,0.577741,0.442727,0.455964,0.431863
30,0.584019,0.443703,0.455702,0.432262
30,0.578496,0.443503,0.455513,0.431614
30,0.577741,0.444879,0.457179,0.432528
30,0.573229,0.442152,0.455324,0.431481
30,0.578255,0.445079,0.456408,0.432644
30,0.581129,0.444679,0.457631,0.432910
30,0.687956,0.408380,0.574134,0.402943
30,0.690694,0.408163,0.573291,0.402450
30,0.688219,0.408492,0.574460,0.403115
30,0.688360,0.408275,0.573821,0.402868
30,0.687816,0.408275,0.574555,0.403372
30,0.685341,0.408163,0.573712,0.402697
30,0.688079,0.408436,0.574242,0.403115
30,0.685763,0.408548,0.574134,0.403201
30,0.696361,0.408765,0.575833,0.403866
30,0.688219,0.408275,0.574881,0.403201
30,0.690150,0.408548,0.574881,0.403115
30,0.691379,0.408492,0.576159,0.403287
30,0.689869,0.408275,0.574460,0.403201
30,0.680814,0.408492,0.574351,0.402868
30,0.684376,0.408380,0.575194,0.402943
30,0.689185,0.408548,0.574881,0.402783
30,0.686026,0.408597,0.574664,0.403447
30,0.687131,0.408709,0.575303,0.403619
30,0.686307,0.408324,0.574773,0.403029
30,0.688360,0.408597,0.574664,0.403287
30,0.689869,0.408548,0.574881,0.403533
30,0.687675,0.408821,0.575194,0.403951
30,0.688641,0.408219,0.573712,0.403705
30,0.689185,0.408821,0.575085,0.404037
30,0.693151,0.408380,0.574351,0.403287
30,0.692063,0.408821,0.575412,0.403866
30,0.686851,0.408324,0.573930,0.403201
30,0.686447,0.408653,0.575303,0.403790
30,0.684797,0.408548,0.574242,0.402943
30,0.688764,0.408709,0.575412,0.403705
30,0.076318,0.782475,0.605053,0.685901
30,0.075461,0.782696,0.605053,0.686049
30,0.075623,0.782696,0.604403,0.685519
30,0.075970,0.782475,0.604776,0.685759
30,0.075562,0.783110,0.604969,0.685469
30,0.075970,0.783993,0.605246,0.685710
30,0.075236,0.783331,0.605150,0.685808
30,0.075296,0.783331,0.605150,0.685611
30,0.074927,0.785069,0.606655,0.685808
30,0.076255,0.784627,0.607125,0.686049
30,0.077278,0.784848,0.605908,0.685901
30,0.075236,0.783331,0.604969,0.685950
30,0.076828,0.784627,0.606282,0.686141
30,0.076051,0.785069,0.606282,0.686240
30,0.076603,0.786337,0.606944,0.686480
30,0.075725,0.784848,0.606089,0.686049
30,0.075113,0.784406,0.607595,0.686338
30,0.076666,0.786558,0.607029,0.686289
30,0.076522,0.785924,0.607498,0.686289
30,0.076216,0.784848,0.605993,0.685950
30,0.076051,0.786144,0.608450,0.686382
30,0.076195,0.785924,0.608727,0.686721
30,0.076051,0.784627,0.606282,0.686141
30,0.076480,0.785703,0.609955,0.686431
30,0.075623,0.785482,0.607884,0.686338
30,0.075479,0.785482,0.608534,0.686480
30,0.075848,0.787634,0.609004,0.686770
30,0.075685,0.786144,0.607221,0.686431
30,0.075623,0.784848,0.605993,0.686141
30,0.075113,0.786144,0.606655,0.686240
30,0.246856,0.568218,0.337585,0.432777
30,0.248636,0.563515,0.336889,0.428623
30,0.245569,0.568594,0.337514,0.432777
30,0.247287,0.567618,0.337514,0.432644
30,0.249374,0.567042,0.337585,0.432777
30,0.245451,0.567243,0.336889,0.429271
30,0.246181,0.568794,0.337806,0.433691
30,0.243121,0.569394,0.337806,0.432910
30,0.243427,0.568393,0.337514,0.430700
30,0.244102,0.566442,0.336997,0.429537
30,0.244526,0.569194,0.337768,0.434339
30,0.244282,0.568218,0.337585,0.430700
30,0.242753,0.568218,0.337180,0.429271
30,0.243184,0.569394,0.337881,0.433691
30,0.243121,0.569569,0.337768,0.432129
30,0.243545,0.570370,0.338102,0.434854
30,0.243121,0.568994,0.338140,0.434605
30,0.245263,0.570945,0.338173,0.435120
30,0.242933,0.570545,0.338324,0.434206
30,0.246126,0.567818,0.337660,0.432644
30,0.245083,0.569769,0.337735,0.433824
30,0.243302,0.568218,0.337660,0.433292
30,0.243733,0.568794,0.337919,0.433292
30,0.244220,0.568393,0.337218,0.430052
30,0.242203,0.568994,0.337881,0.432262
30,0.244832,0.569194,0.338065,0.434854
30,0.244345,0.569569,0.338140,0.434073
30,0.243059,0.560012,0.336522,0.426545
30,0.245632,0.570945,0.338394,0.434854
30,0.244220,0.570170,0.338102,0.434605
30,0.453991,0.561563,0.441721,0.617491
30,0.457057,0.562339,0.443264,0.617982
30,0.452393,0.562539,0.444093,0.618574
30,0.453309,0.562139,0.442172,0.618473
30,0.449677,0.561964,0.442361,0.618083
30,0.447745,0.562339,0.442681,0.618372
30,0.451144,0.562539,0.442493,0.618184
30,0.449895,0.563715,0.443002,0.618675
30,0.447294,0.561964,0.442878,0.617289
30,0.453425,0.562539,0.442681,0.617982
30,0.453425,0.562739,0.442747,0.617680
30,0.455343,0.564291,0.443387,0.618574
30,0.455924,0.563515,0.443199,0.618675
30,0.454326,0.562939,0.442813,0.618083
30,0.452059,0.563915,0.443839,0.618184
30,0.449560,0.564891,0.442813,0.618864
30,0.446611,0.565091,0.443067,0.618675
30,0.450243,0.563315,0.441975,0.617881
30,0.459439,0.564490,0.442878,0.618574
30,0.453991,0.563915,0.442361,0.617780
30,0.454776,0.563915,0.442878,0.618574
30,0.454442,0.563315,0.442493,0.618372
30,0.455343,0.565091,0.443330,0.618964
30,0.454558,0.565091,0.443839,0.618864
30,0.455459,0.565091,0.442813,0.618574
30,0.454892,0.563915,0.442878,0.618864
30,0.453643,0.565867,0.443330,0.619355
30,0.453991,0.564691,0.443387,0.618763
30,0.450127,0.564691,0.442878,0.618372
30,0.448195,0.564291,0.443002,0.618272
30,0.401096,0.441752,0.454298,0.503697
30,0.404278,0.441752,0.454298,0.503535
30,0.406544,0.442152,0.453846,0.503865
30,0.400295,0.440976,0.453969,0.503402
30,0.405977,0.441952,0.453272,0.503402
30,0.406210,0.441552,0.453715,0.503020
30,0.405977,0.442327,0.454035,0.504348
30,0.403144,0.441752,0.453460,0.504180
30,0.408360,0.443128,0.455702,0.504348
30,0.403144,0.443128,0.454487,0.504998
30,0.403246,0.440976,0.453649,0.503402
30,0.408476,0.443703,0.454487,0.504683
30,0.408244,0.443303,0.454298,0.503697
30,0.406776,0.443503,0.454552,0.504998
30,0.404728,0.443303,0.454552,0.504348
30,0.405745,0.442928,0.454487,0.504180
30,0.405977,0.444103,0.455127,0.505502
30,0.405643,0.442527,0.453969,0.504180
30,0.410408,0.443703,0.454618,0.504516
30,0.411425,0.443703,0.454298,0.505502
30,0.409377,0.446055,0.455767,0.507140
30,0.406428,0.445279,0.455578,0.506489
30,0.409275,0.445454,0.455578,0.506636
30,0.402462,0.445654,0.455578,0.506153
30,0.409159,0.446255,0.456793,0.507476
30,0.402796,0.445855,0.455767,0.507623
30,0.410176,0.445279,0.455381,0.505985
30,0.403362,0.446630,0.455702,0.507476
30,0.406428,0.446055,0.455513,0.508127
30,0.407227,0.447031,0.456728,0.508295
30,0.572346,0.571145,0.449487,0.540921
30,0.571350,0.570745,0.449035,0.540102
30,0.573855,0.571521,0.449610,0.540921
30,0.569713,0.571521,0.449996,0.540774
30,0.568332,0.571921,0.450316,0.541425
30,0.567577,0.571721,0.449741,0.541089
30,0.571977,0.572521,0.449930,0.542244
30,0.570965,0.571921,0.449741,0.541257
30,0.571720,0.572321,0.450127,0.541593
30,0.567577,0.571921,0.449610,0.541425
30,0.565698,0.573097,0.450250,0.542244
30,0.560817,0.572697,0.449807,0.541089
30,0.568958,0.572121,0.449865,0.542559
30,0.567336,0.572121,0.449930,0.541425
30,0.571350,0.573097,0.451211,0.543231
30,0.557799,0.571921,0.450127,0.541908
30,0.561058,0.573497,0.451153,0.542559
30,0.555534,0.572321,0.450316,0.542244
30,0.566839,0.574072,0.450571,0.543882
30,0.569086,0.574473,0.451211,0.543231
30,0.567577,0.573872,0.450768,0.543063
30,0.568958,0.573097,0.450768,0.542559
30,0.568958,0.573497,0.450768,0.542727
30,0.562824,0.573097,0.450513,0.542895
30,0.567706,0.573497,0.451728,0.543546
30,0.565570,0.572897,0.450768,0.543399
30,0.565955,0.573497,0.451088,0.543714
30,0.565827,0.572697,0.450956,0.543231
30,0.567079,0.573297,0.451211,0.543399
30,0.567465,0.573297,0.451088,0.543063
30,0.766400,0.519358,0.524954,0.486652
30,0.770058,0.518958,0.524533,0.486652
30,0.768929,0.519533,0.526436,0.487699
30,0.765576,0.519358,0.524533,0.487300
30,0.771869,0.518958,0.526015,0.487433
30,0.774667,0.518958,0.526124,0.487183
30,0.770058,0.519933,0.525593,0.488214
30,0.772712,0.519933,0.525485,0.487566
30,0.769771,0.520333,0.525267,0.487699
30,0.774954,0.520333,0.525063,0.488480
30,0.771869,0.519733,0.525797,0.487965
30,0.770184,0.520509,0.525702,0.487965
30,0.776496,0.520709,0.526328,0.488347
30,0.773698,0.520909,0.527606,0.488214
30,0.769915,0.521484,0.528462,0.489510
30,0.776065,0.520709,0.526232,0.488214
30,0.771027,0.520909,0.526654,0.489377
30,0.772425,0.519533,0.525485,0.488995
30,0.767243,0.522660,0.525593,0.488862
30,0.770614,0.522485,0.526763,0.489377
30,0.770471,0.523060,0.528993,0.490042
30,0.770758,0.523461,0.527497,0.490557
30,0.773411,0.523836,0.530692,0.491454
30,0.771582,0.522861,0.527184,0.490042
30,0.774111,0.522485,0.528027,0.490690
30,0.769216,0.523060,0.528571,0.489909
30,0.770614,0.524237,0.527932,0.491454
30,0.772999,0.523261,0.527402,0.489776
30,0.771314,0.523461,0.527402,0.490424
30,0.771582,0.523836,0.527606,0.491072
30,0.410975,0.204459,0.392382,0.268548
30,0.415624,0.204161,0.391959,0.268291
30,0.420171,0.202855,0.392022,0.268419
30,0.418689,0.204599,0.393794,0.270679
30,0.416306,0.203293,0.391959,0.268291
30,0.415624,0.204161,0.393425,0.270365
30,0.417890,0.204310,0.393731,0.270116
30,0.418689,0.202920,0.392265,0.268419
30,0.421188,0.204599,0.392570,0.268926
30,0.420737,0.204599,0.393856,0.269240
30,0.420273,0.203946,0.392139,0.268669
30,0.418805,0.204888,0.393919,0.270936
30,0.421522,0.204823,0.394100,0.270992
30,0.418355,0.204823,0.394100,0.270936
30,0.417556,0.204524,0.394100,0.270808
30,0.418122,0.204888,0.394037,0.270936
30,0.417890,0.204888,0.394225,0.270992
30,0.418457,0.205037,0.394405,0.270936
30,0.419938,0.205252,0.394343,0.271250
30,0.419706,0.203872,0.392939,0.268669
30,0.418006,0.204888,0.394531,0.270743
30,0.420737,0.204888,0.394162,0.271057
30,0.418006,0.204748,0.394343,0.270052
30,0.421072,0.205112,0.393551,0.269047
30,0.420273,0.205550,0.394837,0.271499
30,0.421072,0.205690,0.394837,0.271057
30,0.418573,0.204888,0.394468,0.271185
30,0.416989,0.204459,0.393308,0.268926
30,0.418239,0.205550,0.395017,0.271250
30,0.420621,0.205624,0.394648,0.271306
30,0.212143,0.793040,0.712430,0.682819
30,0.209889,0.793675,0.712300,0.682868
30,0.210301,0.792158,0.711708,0.682480
30,0.210301,0.793040,0.711876,0.682529
30,0.211178,0.793675,0.712088,0.682727
30,0.211407,0.793233,0.712131,0.682437
30,0.211360,0.794116,0.712430,0.682918
30,0.213290,0.793675,0.712468,0.682770
30,0.211037,0.792820,0.712175,0.682579
30,0.207913,0.793895,0.712175,0.682967
30,0.210213,0.793040,0.712680,0.682727
30,0.211637,0.793895,0.712131,0.683010
30,0.211684,0.792820,0.712088,0.682770
30,0.211454,0.795606,0.712680,0.682727
30,0.212925,0.794750,0.712642,0.682868
30,0.211360,0.794530,0.712387,0.683010
30,0.211590,0.793675,0.712724,0.682918
30,0.210213,0.796047,0.712811,0.683059
30,0.211131,0.795606,0.713789,0.683398
30,0.209383,0.796682,0.713109,0.683300
30,0.209430,0.793233,0.712854,0.682967
30,0.211037,0.796268,0.713066,0.683540
30,0.209289,0.793675,0.712343,0.683010
30,0.208507,0.796268,0.712724,0.683349
30,0.210301,0.794116,0.712468,0.682677
30,0.211454,0.797123,0.713147,0.683540
30,0.212002,0.795413,0.713789,0.683300
30,0.212143,0.797978,0.713446,0.683497
30,0.210395,0.795606,0.713109,0.683349
30,0.210213,0.796268,0.713147,0.683349
30,0.361272,0.609293,0.417381,0.434854
30,0.363558,0.609736,0.416832,0.431481
30,0.368831,0.610044,0.417319,0.433940
30,0.358416,0.609447,0.417507,0.434472
30,0.355779,0.607790,0.416644,0.431481
30,0.355091,0.610641,0.417930,0.434987
30,0.351780,0.609890,0.417993,0.435120
30,0.357493,0.609736,0.417193,0.431747
30,0.358182,0.610487,0.417930,0.435120
30,0.362195,0.609890,0.417687,0.433558
30,0.355208,0.607039,0.416950,0.430966
30,0.359559,0.610198,0.418299,0.435768
30,0.357039,0.610198,0.418424,0.435768
30,0.360364,0.610352,0.417138,0.431747
30,0.358533,0.610487,0.418730,0.435120
30,0.352923,0.610352,0.417750,0.431996
30,0.358299,0.611700,0.417813,0.432395
30,0.361155,0.611547,0.418487,0.435635
30,0.364715,0.611238,0.418730,0.435369
30,0.362986,0.611103,0.417750,0.432262
30,0.361727,0.611547,0.418848,0.436416
30,0.361155,0.609293,0.417867,0.432777
30,0.361507,0.612144,0.419036,0.436682
30,0.359895,0.611700,0.418793,0.436416
30,0.362532,0.611547,0.418973,0.436549
30,0.361272,0.611238,0.418730,0.436283
30,0.357493,0.611855,0.418605,0.434073
30,0.357391,0.612144,0.419161,0.436283
30,0.359676,0.613049,0.419161,0.437580
30,0.357845,0.610487,0.417750,0.432777
30,0.622548,0.586408,0.527402,0.578986
30,0.630498,0.589722,0.530475,0.582597
30,0.628585,0.592284,0.532501,0.583898
30,0.627901,0.589433,0.529632,0.582597
30,0.620214,0.579751,0.521977,0.572414
30,0.603893,0.565466,0.505402,0.560615
30,0.585769,0.546327,0.492455,0.547808
30,0.589098,0.546703,0.493095,0.547808
30,0.585400,0.545527,0.493832,0.547325
30,0.609930,0.574473,0.517204,0.568971
30,0.599927,0.562939,0.505307,0.559292
30,0.589783,0.549255,0.496905,0.549613
30,0.587168,0.547678,0.495422,0.548962
30,0.584389,0.547303,0.493940,0.547976
30,0.585769,0.549054,0.495422,0.549466
30,0.627217,0.589876,0.530801,0.581778
30,0.635570,0.594692,0.534934,0.586691
30,0.627761,0.594094,0.533983,0.586208
30,0.629954,0.591224,0.530692,0.583248
30,0.607473,0.572521,0.513275,0.566514
30,0.516661,0.460115,0.451917,0.488480
30,0.558922,0.512503,0.477514,0.522550
30,0.571222,0.538122,0.491043,0.542244
30,0.575605,0.542800,0.492972,0.545183
30,0.591555,0.548654,0.498822,0.548647
30,0.590327,0.557260,0.503172,0.555534
30,0.548148,0.502145,0.472317,0.514362
30,0.581386,0.548854,0.496592,0.549466
30,0.584276,0.552757,0.501051,0.551587
30,0.590046,0.553758,0.503077,0.553225
30,0.497585,0.567042,0.546831,0.573737
30,0.497955,0.568018,0.547579,0.574724
30,0.500090,0.567418,0.549388,0.574556
30,0.501969,0.568218,0.548110,0.575374
30,0.494952,0.566842,0.547579,0.574052
30,0.496590,0.568018,0.547892,0.576025
30,0.496333,0.568018,0.547266,0.575038
30,0.500347,0.567818,0.547362,0.575542
30,0.498709,0.568794,0.549700,0.575542
30,0.497328,0.568994,0.548327,0.576193
30,0.495578,0.568393,0.547797,0.575038
30,0.497585,0.568994,0.549496,0.575542
30,0.499336,0.568794,0.548110,0.576361
30,0.494695,0.569394,0.549170,0.576193
30,0.496590,0.568393,0.548218,0.576529
30,0.494454,0.568994,0.551291,0.575542
30,0.496076,0.568994,0.551400,0.576844
30,0.501600,0.568393,0.549279,0.575710
30,0.502724,0.568994,0.548436,0.576025
30,0.502354,0.570170,0.554799,0.577348
30,0.505614,0.568594,0.549170,0.576529
30,0.503109,0.569769,0.548748,0.576529
30,0.496461,0.568994,0.548857,0.575374
30,0.499223,0.568994,0.549061,0.575710
30,0.495321,0.569569,0.551726,0.576676
30,0.501600,0.569769,0.551726,0.575710
30,0.499336,0.569194,0.549496,0.576025
30,0.498340,0.569569,0.550027,0.575710
30,0.503478,0.569394,0.549592,0.575542
30,0.504618,0.570545,0.550339,0.577663
30,0.721160,0.598910,0.596555,0.509260
30,0.720461,0.599507,0.597928,0.509428
30,0.720604,0.599507,0.597928,0.509596
30,0.722415,0.598910,0.598349,0.508778
30,0.719762,0.599507,0.598145,0.508946
30,0.713880,0.599815,0.598145,0.509260
30,0.723957,0.599199,0.596976,0.508442
30,0.719062,0.599815,0.599315,0.509596
30,0.726199,0.599507,0.597615,0.509113
30,0.720031,0.599970,0.597819,0.510100
30,0.721716,0.600258,0.597615,0.508610
30,0.723688,0.600258,0.597615,0.509596
30,0.728727,0.600258,0.597398,0.509932
30,0.719206,0.600567,0.598036,0.509596
30,0.723814,0.600258,0.597615,0.508778
30,0.724800,0.600567,0.598567,0.510100
30,0.721716,0.600413,0.597724,0.510100
30,0.714723,0.600104,0.598145,0.510247
30,0.724944,0.600721,0.598254,0.511066
30,0.726055,0.600856,0.598567,0.510751
30,0.721304,0.601318,0.598893,0.512053
30,0.726342,0.600856,0.599694,0.509932
30,0.721017,0.601318,0.599206,0.510583
30,0.722415,0.601318,0.600453,0.510919
30,0.721304,0.601472,0.599097,0.511402
30,0.719062,0.601164,0.599206,0.510919
30,0.718488,0.600721,0.598893,0.511570
30,0.713593,0.601010,0.599886,0.511234
30,0.722272,0.601010,0.600537,0.511402
30,0.719062,0.601164,0.599501,0.511885
30,0.754925,0.602975,0.597398,0.543714
30,0.753795,0.603264,0.597928,0.545351
30,0.758564,0.602223,0.597506,0.544700
30,0.753651,0.602820,0.597724,0.544050
30,0.743717,0.602512,0.599315,0.544364
30,0.751553,0.602223,0.597398,0.544532
30,0.761093,0.602069,0.597289,0.543399
30,0.757022,0.602069,0.597724,0.543546
30,0.751984,0.601915,0.599597,0.544700
30,0.751697,0.601761,0.597085,0.544217
30,0.757722,0.602377,0.597928,0.544532
30,0.752952,0.601915,0.597194,0.543714
30,0.754225,0.601915,0.597194,0.543546
30,0.754494,0.601607,0.599315,0.544700
30,0.756323,0.601607,0.596867,0.543231
30,0.750711,0.601010,0.596650,0.542895
30,0.761218,0.600721,0.596446,0.542895
30,0.753382,0.600856,0.596119,0.543399
30,0.749886,0.600721,0.595698,0.542412
30,0.754082,0.600104,0.597085,0.542727
30,0.758708,0.599970,0.596650,0.542244
30,0.753938,0.599815,0.595807,0.541908
30,0.752396,0.599661,0.595059,0.541908
30,0.755337,0.599661,0.594855,0.541257
30,0.751697,0.599661,0.595059,0.542076
30,0.748756,0.598602,0.594746,0.541089
30,0.757022,0.598602,0.594529,0.540921
30,0.750711,0.598910,0.594855,0.541740
30,0.756735,0.598159,0.594746,0.540606
30,0.761918,0.598313,0.594950,0.540438
30,0.281211,0.881329,0.767333,0.730731
30,0.281627,0.881219,0.767511,0.730731
30,0.279074,0.881219,0.767078,0.731146
30,0.280330,0.881122,0.767078,0.731039
30,0.279866,0.881219,0.768898,0.731146
30,0.280514,0.881440,0.767511,0.731454
30,0.280003,0.881440,0.767944,0.731146
30,0.281354,0.882200,0.768288,0.731776
30,0.281955,0.881772,0.768110,0.731977
30,0.282931,0.881551,0.768110,0.731668
30,0.282002,0.881661,0.768809,0.731776
30,0.282050,0.881551,0.768110,0.732084
30,0.284097,0.881979,0.769409,0.732405
30,0.281490,0.881979,0.768288,0.731977
30,0.280699,0.881979,0.768021,0.731883
30,0.282187,0.882408,0.768543,0.732084
30,0.279723,0.882519,0.768376,0.731977
30,0.279908,0.882629,0.770019,0.732928
30,0.281865,0.882311,0.768543,0.732191
30,0.279027,0.883390,0.769153,0.732606
30,0.280794,0.882090,0.770363,0.732405
30,0.280098,0.882850,0.769764,0.733129
30,0.279723,0.882947,0.769242,0.732928
30,0.279396,0.883058,0.769242,0.733450
30,0.279354,0.882408,0.769497,0.732928
30,0.279634,0.883058,0.769497,0.733129
30,0.279908,0.883168,0.770285,0.733450
30,0.280050,0.883390,0.771750,0.733450
30,0.278146,0.883500,0.770197,0.733343
30,0.276748,0.883929,0.770197,0.733866
30,0.476234,0.640441,0.453206,0.461609
30,0.470786,0.640132,0.453395,0.461609
30,0.470335,0.640441,0.453460,0.461858
30,0.469420,0.641192,0.453329,0.461991
30,0.467037,0.637282,0.452245,0.459000
30,0.469870,0.641038,0.453395,0.462772
30,0.471919,0.641346,0.452820,0.459781
30,0.470335,0.639381,0.451917,0.458618
30,0.474083,0.641943,0.453592,0.462772
30,0.470335,0.640595,0.453846,0.460429
30,0.479865,0.641789,0.453969,0.462772
30,0.474185,0.642097,0.454101,0.463553
30,0.474185,0.642251,0.454166,0.463553
30,0.470902,0.643311,0.454298,0.462772
30,0.476001,0.642540,0.454166,0.463038
30,0.470553,0.642405,0.454421,0.463553
30,0.472834,0.642694,0.454487,0.464068
30,0.471468,0.644659,0.454807,0.464450
30,0.479749,0.643600,0.454807,0.464849
30,0.478166,0.639246,0.453846,0.461609
30,0.477817,0.640287,0.453526,0.461476
30,0.474301,0.643754,0.455061,0.465364
30,0.469986,0.643157,0.453912,0.461858
30,0.473168,0.644197,0.454166,0.462124
30,0.478732,0.644948,0.455324,0.465880
30,0.476568,0.644813,0.455324,0.466528
30,0.477250,0.644505,0.455258,0.465763
30,0.477367,0.645102,0.455127,0.466411
30,0.477367,0.645719,0.455381,0.467192
30,0.481798,0.645854,0.455644,0.466528
30,0.900554,0.526588,0.406842,0.324899
30,0.899780,0.526188,0.406905,0.324207
30,0.899308,0.525787,0.407705,0.324770
30,0.901197,0.523261,0.406779,0.324392
30,0.900642,0.525612,0.409297,0.325277
30,0.902053,0.525212,0.407391,0.324641
30,0.901197,0.525212,0.407642,0.325019
30,0.900768,0.524612,0.407454,0.324834
30,0.899269,0.524237,0.407705,0.325397
30,0.902015,0.523836,0.407148,0.325333
30,0.901971,0.523836,0.407030,0.325590
30,0.903130,0.525212,0.407705,0.325462
30,0.899654,0.524036,0.407391,0.325277
30,0.900895,0.525787,0.407454,0.325148
30,0.899824,0.526588,0.407148,0.324834
30,0.898325,0.526763,0.406905,0.324955
30,0.900724,0.526388,0.407336,0.325277
30,0.901411,0.523836,0.409046,0.325526
30,0.899308,0.526588,0.407760,0.324955
30,0.902613,0.528339,0.407642,0.325333
30,0.902053,0.526188,0.407336,0.325526
30,0.901455,0.525012,0.407705,0.325084
30,0.901795,0.527564,0.407642,0.325019
30,0.900554,0.527939,0.407085,0.325019
30,0.900768,0.527564,0.407822,0.325277
30,0.900082,0.526963,0.407336,0.324955
30,0.900340,0.526963,0.407273,0.325333
30,0.902482,0.526188,0.407391,0.325333
30,0.903344,0.527164,0.407705,0.325590
30,0.901543,0.527364,0.407705,0.325148
30,0.784905,0.636839,0.598784,0.620048
30,0.777894,0.637127,0.599417,0.619947
30,0.782234,0.636530,0.598567,0.619657
30,0.785318,0.638630,0.602608,0.620930
30,0.782664,0.638495,0.601573,0.620829
30,0.787147,0.638033,0.600356,0.620741
30,0.779024,0.638033,0.602608,0.620829
30,0.785318,0.638495,0.602139,0.621232
30,0.781265,0.638630,0.603367,0.621232
30,0.785318,0.639092,0.603741,0.621131
30,0.780978,0.638630,0.600356,0.620640
30,0.776908,0.638341,0.600730,0.620741
30,0.787559,0.639092,0.600537,0.621030
30,0.783363,0.638630,0.600356,0.621030
30,0.774954,0.639844,0.603741,0.621824
30,0.775509,0.638784,0.600826,0.620741
30,0.776209,0.639246,0.601006,0.621232
30,0.782933,0.638630,0.601006,0.620930
30,0.783776,0.639092,0.601669,0.621824
30,0.776496,0.639381,0.601103,0.621333
30,0.782377,0.639246,0.601392,0.621723
30,0.784206,0.638938,0.601006,0.621824
30,0.779293,0.639535,0.601573,0.622013
30,0.782664,0.639092,0.601199,0.621030
30,0.779849,0.640132,0.601958,0.621421
30,0.783363,0.639092,0.601476,0.621030
30,0.784332,0.640903,0.602801,0.622315
30,0.783776,0.639844,0.601296,0.621623
30,0.783363,0.640441,0.602042,0.621131
30,0.783632,0.639998,0.601862,0.621421
30,0.664229,0.605536,0.638741,0.610008
30,0.667248,0.605228,0.638741,0.609718
30,0.667388,0.604785,0.638934,0.608925
30,0.666142,0.605074,0.638368,0.609315
30,0.667388,0.605228,0.641005,0.610310
30,0.665457,0.604785,0.638560,0.609907
30,0.668072,0.604785,0.638741,0.609807
30,0.667248,0.605074,0.641571,0.610210
30,0.665194,0.604323,0.638175,0.609907
30,0.665317,0.605074,0.639596,0.609907
30,0.661491,0.606134,0.639680,0.610310
30,0.662176,0.605671,0.638741,0.610600
30,0.668616,0.605671,0.639777,0.610499
30,0.665598,0.605382,0.638837,0.609907
30,0.660930,0.606134,0.639403,0.610600
30,0.663404,0.606423,0.643161,0.611091
30,0.662035,0.606288,0.641848,0.610802
30,0.660930,0.605671,0.639211,0.610802
30,0.663825,0.606885,0.640246,0.611091
30,0.667792,0.605825,0.639680,0.610600
30,0.668336,0.606288,0.639873,0.610890
30,0.672039,0.606288,0.642607,0.611583
30,0.660666,0.606288,0.639969,0.611192
30,0.661210,0.606577,0.641848,0.611482
30,0.663948,0.606288,0.639777,0.610991
30,0.668336,0.606731,0.640620,0.611482
30,0.667248,0.607328,0.641571,0.611583
30,0.661070,0.606885,0.640909,0.611293
30,0.661754,0.606885,0.641378,0.611091
30,0.666019,0.606731,0.640812,0.610890
30,0.866698,0.639844,0.685701,0.563071
30,0.871782,0.640441,0.684846,0.563722
30,0.866590,0.640287,0.685231,0.563239
30,0.868705,0.640132,0.684846,0.562588
30,0.874643,0.640287,0.684846,0.563239
30,0.870088,0.640441,0.685508,0.563071
30,0.870304,0.640441,0.686074,0.563722
30,0.862983,0.640287,0.685316,0.563722
30,0.861289,0.640749,0.685316,0.563554
30,0.865112,0.640903,0.686074,0.563722
30,0.868501,0.641500,0.686448,0.564394
30,0.866807,0.641192,0.686074,0.563722
30,0.869138,0.641789,0.685882,0.564541
30,0.867227,0.641192,0.687484,0.564058
30,0.868067,0.641346,0.686918,0.565045
30,0.867539,0.641654,0.685978,0.564058
30,0.872094,0.641789,0.686351,0.564541
30,0.872840,0.641943,0.686918,0.564877
30,0.866481,0.641943,0.686267,0.565360
30,0.865112,0.642251,0.686351,0.565045
30,0.869667,0.642097,0.686267,0.565863
30,0.863526,0.642405,0.686544,0.565528
30,0.864149,0.642540,0.687676,0.566032
30,0.869559,0.642251,0.687110,0.564877
30,0.871037,0.642540,0.686641,0.564877
30,0.868284,0.642251,0.686821,0.565360
30,0.871254,0.642540,0.687014,0.565696
30,0.871037,0.643157,0.688242,0.566347
30,0.869762,0.642405,0.687303,0.565213
30,0.868176,0.643446,0.689748,0.567018
30,0.872948,0.601164,0.671116,0.541740
30,0.865003,0.600104,0.670080,0.541908
30,0.869762,0.601010,0.671212,0.541908
30,0.872311,0.600856,0.671585,0.541257
30,0.872948,0.601010,0.671212,0.541593
30,0.868922,0.601010,0.671116,0.542559
30,0.870833,0.600567,0.670646,0.540774
30,0.872731,0.600413,0.671212,0.541593
30,0.878873,0.600567,0.670260,0.540921
30,0.867118,0.600413,0.669791,0.540921
30,0.873369,0.600856,0.671019,0.542559
30,0.870196,0.601915,0.671585,0.542895
30,0.875483,0.601915,0.671959,0.544364
30,0.871891,0.601915,0.672428,0.544364
30,0.874317,0.602223,0.671296,0.543063
30,0.869030,0.602377,0.671862,0.543714
30,0.870196,0.602223,0.671585,0.544217
30,0.876338,0.602512,0.672332,0.543714
30,0.874643,0.602820,0.672248,0.543714
30,0.875483,0.602512,0.672151,0.543546
30,0.872311,0.602820,0.672332,0.544700
30,0.876446,0.602512,0.671959,0.544532
30,0.870196,0.602069,0.671585,0.543714
30,0.869871,0.602069,0.672151,0.542895
30,0.874643,0.602377,0.673657,0.545351
30,0.876229,0.602223,0.671862,0.543399
30,0.874955,0.601761,0.672151,0.543882
30,0.871457,0.602666,0.672525,0.543714
30,0.870725,0.601607,0.672248,0.544217
30,0.870928,0.601472,0.672248,0.544532
30,0.687675,0.334002,0.571482,0.332752
30,0.681235,0.332746,0.569144,0.329825
30,0.682867,0.333468,0.571591,0.332173
30,0.675882,0.333575,0.571904,0.331251
30,0.681094,0.334203,0.572651,0.332924
30,0.679445,0.334417,0.572325,0.333009
30,0.682182,0.334096,0.572230,0.332752
30,0.679304,0.334310,0.572760,0.333009
30,0.679041,0.334310,0.572012,0.332505
30,0.682060,0.333053,0.569987,0.329739
30,0.678357,0.334417,0.573182,0.332838
30,0.682060,0.330234,0.567444,0.326394
30,0.680954,0.334938,0.573291,0.333181
30,0.679041,0.334617,0.573603,0.332924
30,0.675742,0.335045,0.573603,0.331841
30,0.677532,0.334724,0.574134,0.333095
30,0.675057,0.332639,0.571061,0.330158
30,0.676566,0.335045,0.573821,0.333599
30,0.677672,0.335045,0.571904,0.330415
30,0.677672,0.335566,0.574242,0.333674
30,0.682323,0.334938,0.574460,0.333760
30,0.677672,0.335245,0.573182,0.331337
30,0.683288,0.335767,0.573712,0.333342
30,0.681235,0.334203,0.571265,0.330919
30,0.673829,0.336087,0.574664,0.333256
30,0.673144,0.335566,0.574990,0.333846
30,0.671354,0.335566,0.574460,0.333427
30,0.678760,0.335138,0.574460,0.333846
30,0.677935,0.335245,0.574460,0.333181
30,0.673829,0.335459,0.574555,0.333931
5,0.004048,0.232550,0.063250,0.165418
5,0.005181,0.233871,0.063503,0.166426
5,0.005334,0.232940,0.063145,0.165075
5,0.004232,0.233482,0.063278,0.165740
5,0.004412,0.232804,0.063196,0.165246
5,0.004813,0.233346,0.063366,0.165911
5,0.005118,0.233346,0.063330,0.164903
5,0.004965,0.234142,0.063646,0.166254
5,0.004965,0.234007,0.063401,0.166576
5,0.004965,0.233871,0.063854,0.166576
5,0.004781,0.233736,0.063250,0.165740
5,0.005640,0.233871,0.063748,0.166919
5,0.005056,0.233871,0.063437,0.166576
5,0.005118,0.234007,0.063957,0.166919
5,0.005028,0.234142,0.063748,0.166576
5,0.005240,0.234261,0.063712,0.166747
5,0.003679,0.235057,0.064165,0.167090
5,0.004201,0.234397,0.063885,0.167262
5,0.004016,0.234261,0.063646,0.167090
5,0.003801,0.234668,0.064059,0.167262
5,0.003616,0.234922,0.063854,0.166426
5,0.003342,0.234922,0.063854,0.166747
5,0.004322,0.234922,0.063992,0.167090
5,0.005487,0.235464,0.063992,0.167262
5,0.006252,0.234261,0.063854,0.166919
5,0.006130,0.235193,0.064303,0.167755
5,0.003095,0.234532,0.063819,0.167262
5,0.003710,0.235057,0.063854,0.167755
5,0.003742,0.235193,0.063921,0.167927
5,0.004075,0.235718,0.063957,0.168270
5,0.001349,0.243137,0.068054,0.195566
5,0.000000,0.242477,0.068089,0.194387
5,0.000000,0.242612,0.067845,0.194558
5,0.000094,0.242731,0.067845,0.194558
5,0.000522,0.243002,0.068120,0.194387
5,0.001043,0.243273,0.067983,0.194558
5,0.000800,0.243933,0.068263,0.194901
5,0.000031,0.243137,0.068120,0.194730
5,0.000584,0.243391,0.068538,0.195223
5,0.000643,0.243527,0.068089,0.194730
5,0.001290,0.243391,0.068329,0.194901
5,0.002087,0.243798,0.068263,0.194901
5,0.002114,0.242866,0.068054,0.194730
5,0.001534,0.243273,0.068120,0.194558
5,0.002298,0.243933,0.068329,0.196231
5,0.002208,0.243002,0.067880,0.194065
5,0.002087,0.242866,0.067880,0.194387
5,0.003067,0.243527,0.068609,0.195566
5,0.002483,0.243137,0.068054,0.195394
5,0.002698,0.243527,0.068645,0.195566
5,0.001961,0.243662,0.068645,0.195909
5,0.002208,0.243137,0.068120,0.194065
5,0.003220,0.243798,0.068538,0.196231
5,0.002330,0.243798,0.068503,0.195394
5,0.002298,0.243391,0.068329,0.195566
5,0.001043,0.244594,0.068503,0.196402
5,0.001871,0.244069,0.068609,0.196402
5,0.001781,0.243273,0.068298,0.194387
5,0.002271,0.243527,0.068329,0.195394
5,0.002114,0.243002,0.068089,0.194558
5,0.120507,0.083263,0.023231,0.044708
5,0.118732,0.083300,0.023181,0.044318
5,0.119940,0.083333,0.023303,0.044743
5,0.118927,0.083188,0.023551,0.044588
5,0.120191,0.083300,0.023281,0.044513
5,0.119056,0.083445,0.023429,0.044783
5,0.121269,0.083482,0.023378,0.044668
5,0.119875,0.083188,0.023451,0.044548
5,0.119113,0.083589,0.023526,0.044823
5,0.119429,0.083514,0.023526,0.044708
5,0.118675,0.083407,0.023476,0.044783
5,0.121772,0.083589,0.023623,0.044628
5,0.122599,0.083626,0.023623,0.044823
5,0.120888,0.083482,0.023551,0.044783
5,0.122728,0.083701,0.023695,0.044783
5,0.122534,0.083626,0.023695,0.044903
5,0.121140,0.083589,0.023695,0.044903
5,0.122412,0.083915,0.024260,0.045138
5,0.123798,0.083664,0.023843,0.044863
5,0.121399,0.083734,0.023965,0.044823
5,0.121456,0.083734,0.024163,0.045098
5,0.122283,0.083883,0.023918,0.045138
5,0.120572,0.083953,0.023990,0.045018
5,0.121585,0.084027,0.024040,0.045138
5,0.118927,0.083990,0.024087,0.044978
5,0.119745,0.084134,0.024163,0.045408
5,0.120191,0.084065,0.024479,0.045293
5,0.121140,0.084065,0.024163,0.045333
5,0.119373,0.084172,0.024285,0.045333
5,0.122218,0.084209,0.024357,0.045333
5,0.659297,0.320317,0.107201,0.410073
5,0.655454,0.320317,0.107092,0.409901
5,0.661351,0.320638,0.107351,0.410148
5,0.660807,0.319689,0.106980,0.409398
5,0.659438,0.320103,0.106980,0.409730
5,0.659561,0.319582,0.106796,0.409644
5,0.658736,0.320317,0.107017,0.409816
5,0.661351,0.319488,0.106796,0.408979
5,0.660122,0.320731,0.107351,0.409987
5,0.658052,0.320317,0.107314,0.409569
5,0.663948,0.320838,0.107497,0.410234
5,0.655735,0.320210,0.107422,0.409569
5,0.659157,0.320838,0.107422,0.410148
5,0.649698,0.320731,0.107238,0.409901
5,0.653804,0.320945,0.107535,0.409644
5,0.655454,0.320531,0.107568,0.409816
5,0.656542,0.321252,0.107535,0.410234
5,0.650242,0.321159,0.107497,0.410148
5,0.653401,0.320531,0.107238,0.409987
5,0.656823,0.320838,0.107459,0.409483
5,0.659982,0.321466,0.107789,0.410320
5,0.654770,0.321680,0.107902,0.410073
5,0.656542,0.321881,0.107864,0.410566
5,0.655998,0.321573,0.107902,0.410491
5,0.660666,0.321774,0.107902,0.410566
5,0.660807,0.321359,0.107718,0.409901
5,0.659701,0.321466,0.107751,0.410405
5,0.660526,0.321881,0.107902,0.410823
5,0.655454,0.320838,0.107605,0.409816
5,0.662176,0.321573,0.108048,0.410823
5,0.159438,0.060204,0.046178,0.094945
5,0.156231,0.060241,0.046443,0.095073
5,0.159810,0.060134,0.045994,0.094631
5,0.160259,0.060097,0.046178,0.094888
5,0.159734,0.060171,0.046127,0.094631
5,0.157796,0.060241,0.046154,0.094631
5,0.160259,0.060134,0.046392,0.094631
5,0.157271,0.060278,0.046154,0.094695
5,0.157271,0.060241,0.046045,0.094631
5,0.155487,0.060353,0.046365,0.095009
5,0.159657,0.060353,0.046287,0.094888
5,0.159438,0.060353,0.046712,0.095138
5,0.158321,0.060353,0.046260,0.094695
5,0.161299,0.060423,0.046470,0.095009
5,0.161967,0.060241,0.046338,0.094631
5,0.159810,0.060386,0.046552,0.094945
5,0.161299,0.060423,0.046419,0.094695
5,0.157873,0.060386,0.046178,0.095009
5,0.159361,0.060423,0.046338,0.094888
5,0.156756,0.060386,0.046419,0.094760
5,0.162196,0.060498,0.046287,0.095073
5,0.161452,0.060423,0.046392,0.095073
5,0.159361,0.060535,0.046525,0.094824
5,0.156975,0.060535,0.046338,0.094888
5,0.156307,0.060386,0.046311,0.094760
5,0.161299,0.060605,0.046603,0.094945
5,0.157567,0.060642,0.046392,0.095009
5,0.158836,0.060605,0.046525,0.095073
5,0.157949,0.060717,0.046470,0.094945
5,0.157052,0.060498,0.046497,0.095009
5,0.052135,0.000732,0.000122,0.000418
5,0.053233,0.000550,0.000514,0.001678
5,0.052262,0.000583,0.000540,0.001045
5,0.052543,0.000000,0.000097,0.000000
5,0.052007,0.000550,0.000514,0.001592
5,0.052135,0.000364,0.000000,0.000418
5,0.052645,0.000732,0.000612,0.001463
5,0.052442,0.000695,0.000662,0.001715
5,0.052007,0.000695,0.000662,0.000793
5,0.052746,0.000583,0.000684,0.001715
5,0.051419,0.000732,0.000612,0.001008
5,0.051880,0.000839,0.000612,0.001844
5,0.050961,0.000765,0.000612,0.001758
5,0.050321,0.000765,0.000662,0.001549
5,0.050984,0.000732,0.000561,0.001635
5,0.051239,0.000695,0.000612,0.001887
5,0.052033,0.000802,0.000662,0.001844
5,0.052056,0.000839,0.000245,0.000504
5,0.051778,0.000984,0.000734,0.002053
5,0.051700,0.000984,0.000709,0.001844
5,0.052109,0.000914,0.000734,0.001967
5,0.052390,0.000984,0.000317,0.000504
5,0.051089,0.000984,0.000784,0.001967
5,0.051520,0.000946,0.000759,0.001801
5,0.052109,0.000513,0.000147,0.000338
5,0.052314,0.000802,0.000784,0.000965
5,0.052236,0.000876,0.000684,0.001967
5,0.051599,0.000946,0.000734,0.001967
5,0.052416,0.000732,0.000169,0.000670
5,0.052337,0.000984,0.000784,0.001844
5,0.401096,0.095226,0.081803,0.130895
5,0.395491,0.095133,0.081732,0.131067
5,0.400193,0.094853,0.081629,0.130745
5,0.401212,0.095226,0.081869,0.131410
5,0.397673,0.095040,0.081767,0.130402
5,0.397204,0.094772,0.081523,0.130402
5,0.392063,0.094946,0.081456,0.130574
5,0.398010,0.094946,0.081661,0.129888
5,0.401895,0.095133,0.081803,0.131582
5,0.394465,0.094492,0.081487,0.129888
5,0.404960,0.095308,0.081629,0.131410
5,0.402113,0.094853,0.081350,0.130745
5,0.400762,0.095774,0.081661,0.131582
5,0.399504,0.095774,0.081767,0.131239
5,0.399152,0.095774,0.081732,0.131903
5,0.396179,0.095226,0.081558,0.130745
5,0.402796,0.095494,0.081834,0.131582
5,0.401779,0.095681,0.081803,0.131067
5,0.403144,0.095681,0.081905,0.132075
5,0.399035,0.095856,0.082149,0.131732
5,0.400193,0.095681,0.082114,0.131903
5,0.401779,0.096228,0.082078,0.132246
5,0.397556,0.095949,0.081869,0.131732
5,0.402912,0.096228,0.082149,0.131903
5,0.402011,0.095856,0.081869,0.131732
5,0.405178,0.095681,0.081941,0.131582
5,0.399841,0.095949,0.081941,0.132075
5,0.407227,0.095856,0.081941,0.131903
5,0.401895,0.096042,0.081976,0.132246
5,0.404278,0.096135,0.082114,0.132246
5,0.030157,0.286281,0.124516,0.215084
5,0.029743,0.286806,0.124996,0.215663
5,0.029989,0.286670,0.124845,0.215502
5,0.029865,0.287077,0.124920,0.215749
5,0.029575,0.286941,0.124845,0.216006
5,0.029422,0.286941,0.124737,0.215749
5,0.029375,0.287077,0.124958,0.215920
5,0.029483,0.287331,0.124920,0.216167
5,0.029238,0.287331,0.124699,0.216092
5,0.029789,0.287196,0.125142,0.215834
5,0.029973,0.287856,0.125250,0.216253
5,0.030096,0.288398,0.125730,0.216338
5,0.029345,0.287196,0.125179,0.216338
5,0.029559,0.287856,0.125325,0.216510
5,0.029820,0.287467,0.125433,0.216671
5,0.030065,0.287602,0.125287,0.216424
5,0.030355,0.287856,0.125287,0.216756
5,0.030202,0.287738,0.125363,0.216424
5,0.029820,0.287738,0.125546,0.216510
5,0.029973,0.288398,0.125654,0.216671
5,0.030234,0.288263,0.125433,0.216585
5,0.029881,0.288263,0.125509,0.216585
5,0.029928,0.287856,0.125617,0.216585
5,0.029759,0.287738,0.125509,0.216671
5,0.029375,0.288534,0.125584,0.216928
5,0.029590,0.288652,0.125767,0.217003
5,0.030004,0.287738,0.125509,0.216756
5,0.030142,0.288652,0.125584,0.216756
5,0.030202,0.288127,0.125584,0.217260
5,0.029559,0.288788,0.125767,0.217175
5,0.173305,0.129096,0.054915,0.075727
5,0.174947,0.128817,0.054993,0.075662
5,0.172408,0.128735,0.054942,0.075727
5,0.172484,0.128642,0.054915,0.074786
5,0.172780,0.127360,0.054650,0.073339
5,0.172637,0.128817,0.055098,0.075598
5,0.174050,0.128735,0.055180,0.075727
5,0.173305,0.128735,0.054755,0.074657
5,0.173305,0.128735,0.055153,0.075727
5,0.172857,0.129003,0.055231,0.074722
5,0.173076,0.127185,0.054942,0.074344
5,0.169430,0.129283,0.055339,0.075791
5,0.172704,0.129003,0.054966,0.074529
5,0.170623,0.129364,0.055390,0.075534
5,0.172637,0.129458,0.055390,0.075976
5,0.170996,0.128281,0.054942,0.074786
5,0.171368,0.129644,0.055445,0.076040
5,0.171740,0.129364,0.055499,0.075727
5,0.169946,0.129644,0.055577,0.076040
5,0.170996,0.129458,0.055499,0.076225
5,0.171587,0.130005,0.055577,0.076354
5,0.172704,0.129819,0.055656,0.075912
5,0.171740,0.129819,0.055550,0.076105
5,0.171072,0.129458,0.055577,0.076161
5,0.171511,0.129737,0.055550,0.076290
5,0.173009,0.129644,0.055656,0.076225
5,0.175395,0.129737,0.055605,0.076418
5,0.173458,0.129458,0.055710,0.076105
5,0.172637,0.127185,0.054915,0.073210
5,0.172036,0.129819,0.055815,0.076161
5,0.640782,0.241816,0.148776,0.361399
5,0.641063,0.242070,0.148926,0.361485
5,0.636939,0.241951,0.149034,0.361399
5,0.641186,0.241951,0.149255,0.361571
5,0.640098,0.242612,0.149255,0.361742
5,0.641186,0.241951,0.149143,0.361656
5,0.639958,0.242477,0.149439,0.362160
5,0.643257,0.242612,0.149180,0.361485
5,0.639958,0.242205,0.149401,0.361817
5,0.640098,0.242477,0.149110,0.361485
5,0.639554,0.242070,0.149143,0.361817
5,0.638308,0.242477,0.149218,0.361817
5,0.637483,0.242866,0.149293,0.361903
5,0.639414,0.242477,0.149331,0.361817
5,0.632832,0.242866,0.149293,0.361989
5,0.628024,0.242341,0.149255,0.362321
5,0.630902,0.242866,0.149293,0.361742
5,0.632832,0.242866,0.149514,0.361989
5,0.639677,0.243391,0.149660,0.362321
5,0.633517,0.242866,0.149547,0.362160
5,0.635851,0.243137,0.149623,0.362321
5,0.640502,0.243798,0.149623,0.362739
5,0.635026,0.243798,0.149806,0.362493
5,0.641186,0.243798,0.150248,0.362911
5,0.639414,0.243002,0.149623,0.362246
5,0.642976,0.243391,0.149990,0.362578
5,0.637623,0.243391,0.149660,0.362407
5,0.639133,0.242866,0.149623,0.362321
5,0.643257,0.243662,0.149623,0.362407
5,0.642573,0.243527,0.149806,0.362246
5,0.259972,0.073645,0.101837,0.134412
5,0.259361,0.073719,0.101870,0.134412
5,0.263346,0.073393,0.101540,0.133919
5,0.261934,0.073607,0.101799,0.134755
5,0.260467,0.073682,0.102058,0.134755
5,0.262671,0.073757,0.101762,0.134090
5,0.264020,0.073794,0.101945,0.134412
5,0.263715,0.073757,0.101837,0.135098
5,0.266044,0.073938,0.102241,0.135591
5,0.262914,0.073682,0.101799,0.134927
5,0.264389,0.073794,0.102274,0.135248
5,0.265244,0.073794,0.101653,0.133747
5,0.265370,0.073827,0.101983,0.135420
5,0.263346,0.073864,0.102020,0.135098
5,0.264326,0.073864,0.102020,0.134927
5,0.263409,0.073864,0.102020,0.135763
5,0.265119,0.073976,0.102204,0.135420
5,0.264507,0.074046,0.102387,0.136106
5,0.262365,0.073757,0.102312,0.135763
5,0.265119,0.073938,0.102204,0.135420
5,0.263589,0.073864,0.102129,0.135591
5,0.262914,0.073938,0.102274,0.136106
5,0.263463,0.074046,0.102241,0.135591
5,0.263220,0.074083,0.102533,0.135591
5,0.263463,0.073976,0.102241,0.135248
5,0.262914,0.074008,0.102204,0.135420
5,0.262483,0.074083,0.102387,0.135935
5,0.265307,0.073827,0.102091,0.135420
5,0.264632,0.074083,0.102425,0.135591
5,0.264020,0.074046,0.102425,0.135420
5,0.102837,0.010746,0.031653,0.009504
5,0.103728,0.011073,0.031971,0.010845
5,0.102901,0.011147,0.031996,0.011016
5,0.100624,0.010965,0.031922,0.010764
5,0.102148,0.011040,0.031996,0.010973
5,0.103599,0.011110,0.032032,0.010887
5,0.102334,0.011184,0.031983,0.010764
5,0.101507,0.011292,0.032131,0.011096
5,0.100624,0.011222,0.032118,0.011306
5,0.101256,0.011366,0.032093,0.011225
5,0.099862,0.011404,0.032118,0.011348
5,0.100689,0.011292,0.032167,0.011434
5,0.103347,0.011511,0.032216,0.011434
5,0.101572,0.010965,0.031885,0.010174
5,0.100372,0.011548,0.032143,0.010346
5,0.101321,0.011473,0.032154,0.011348
5,0.102837,0.011404,0.032205,0.011515
5,0.102018,0.011441,0.032143,0.010635
5,0.103728,0.011366,0.032228,0.011225
5,0.104109,0.011623,0.032228,0.011477
5,0.100494,0.011441,0.032289,0.010635
5,0.103412,0.011548,0.032118,0.010598
5,0.102018,0.011693,0.032277,0.011477
5,0.104612,0.011693,0.032253,0.011643
5,0.103282,0.011730,0.032131,0.010469
5,0.102148,0.011767,0.032314,0.011306
5,0.103096,0.011693,0.032241,0.011600
5,0.101386,0.011730,0.032266,0.011600
5,0.103599,0.011548,0.032289,0.010807
5,0.103031,0.011767,0.032228,0.011268
5,0.547265,0.112977,0.136942,0.147149
5,0.547506,0.113338,0.136683,0.147985
5,0.542625,0.113711,0.136759,0.147985
5,0.546382,0.113618,0.136867,0.147492
5,0.547394,0.113793,0.137234,0.149508
5,0.545499,0.113793,0.137088,0.148328
5,0.546141,0.113886,0.137088,0.148328
5,0.546639,0.113886,0.137088,0.148500
5,0.549401,0.114166,0.137751,0.148821
5,0.546141,0.113711,0.136904,0.148500
5,0.551777,0.114341,0.137601,0.149164
5,0.540232,0.113886,0.137234,0.148650
5,0.539735,0.114248,0.136980,0.149508
5,0.546639,0.114341,0.137196,0.148993
5,0.547265,0.114166,0.137271,0.149336
5,0.549401,0.114248,0.137676,0.150344
5,0.538739,0.114341,0.137417,0.148821
5,0.547763,0.114341,0.137417,0.149164
5,0.544375,0.113886,0.137347,0.148650
5,0.544760,0.114714,0.138264,0.150001
5,0.547763,0.114166,0.137088,0.148821
5,0.545130,0.114341,0.137196,0.149336
5,0.545258,0.114795,0.137530,0.150172
5,0.545130,0.114714,0.137638,0.149336
5,0.546141,0.114795,0.137530,0.149829
5,0.543122,0.114795,0.137380,0.150172
5,0.547506,0.115250,0.137714,0.151502
5,0.549401,0.115075,0.137638,0.150344
5,0.544503,0.115075,0.138189,0.150837
5,0.551520,0.115436,0.137935,0.151673
5,0.066614,0.339535,0.240626,0.245650
5,0.067225,0.339736,0.240553,0.245650
5,0.067251,0.339535,0.241120,0.245908
5,0.065797,0.339843,0.241340,0.245736
5,0.066509,0.339950,0.241486,0.246240
5,0.067072,0.340057,0.241550,0.245822
5,0.065388,0.340057,0.241697,0.245736
5,0.067176,0.340471,0.242053,0.246240
5,0.066307,0.340578,0.241980,0.246240
5,0.067585,0.340471,0.241980,0.246154
5,0.068003,0.340364,0.242200,0.245993
5,0.068045,0.340685,0.242200,0.246326
5,0.068492,0.340578,0.242840,0.246658
5,0.068084,0.340578,0.243554,0.246572
5,0.067072,0.340578,0.242410,0.246830
5,0.068372,0.340992,0.243343,0.246830
5,0.068207,0.341206,0.242767,0.246990
5,0.068024,0.341513,0.243408,0.246744
5,0.066996,0.341620,0.243124,0.246658
5,0.066895,0.341406,0.243343,0.246658
5,0.066614,0.340885,0.243700,0.246572
5,0.067150,0.341821,0.243773,0.247409
5,0.067023,0.341821,0.243984,0.247409
5,0.069044,0.341928,0.244268,0.247580
5,0.068576,0.342035,0.244194,0.247333
5,0.067820,0.342663,0.244698,0.247409
5,0.067712,0.342035,0.244917,0.247998
5,0.067480,0.342877,0.245338,0.248084
5,0.066153,0.342663,0.245484,0.248084
5,0.066460,0.342355,0.245411,0.247580
5,0.263777,0.180197,0.175592,0.084837
5,0.268492,0.180999,0.175984,0.086469
5,0.265676,0.180999,0.176010,0.085649
5,0.266288,0.180999,0.175984,0.086276
5,0.266900,0.180925,0.176010,0.086405
5,0.268798,0.180850,0.176157,0.086654
5,0.268735,0.181876,0.176646,0.086783
5,0.269355,0.182314,0.176819,0.087032
5,0.264507,0.182090,0.176747,0.086904
5,0.267080,0.182016,0.176769,0.087475
5,0.266225,0.182379,0.176941,0.087475
5,0.269292,0.182454,0.176991,0.087659
5,0.267574,0.182239,0.176941,0.086847
5,0.269967,0.182892,0.177016,0.086405
5,0.269167,0.182603,0.177063,0.087788
5,0.270273,0.182379,0.177038,0.087852
5,0.267331,0.182678,0.177139,0.086654
5,0.266288,0.183256,0.177261,0.088037
5,0.268924,0.182817,0.176819,0.086526
5,0.266719,0.183181,0.177286,0.087909
5,0.269167,0.183106,0.177286,0.088102
5,0.267449,0.183041,0.177383,0.087973
5,0.267025,0.183106,0.176966,0.086847
5,0.267025,0.183256,0.177430,0.088037
5,0.268492,0.183330,0.177553,0.088102
5,0.267512,0.183479,0.177409,0.088102
5,0.269230,0.183479,0.177553,0.087346
5,0.267512,0.183619,0.177553,0.088037
5,0.267331,0.183768,0.177578,0.088665
5,0.267331,0.182603,0.177308,0.086968
5,0.759407,0.309037,0.247772,0.355620
5,0.756610,0.309251,0.247982,0.355963
5,0.758134,0.308943,0.248055,0.355116
5,0.758851,0.308943,0.247845,0.354956
5,0.761218,0.308369,0.247268,0.355288
5,0.759120,0.309665,0.249126,0.356124
5,0.755624,0.309251,0.247698,0.356038
5,0.759120,0.309879,0.248485,0.355878
5,0.758977,0.309986,0.248632,0.356124
5,0.759820,0.310079,0.249062,0.355963
5,0.760519,0.310079,0.249062,0.356382
5,0.765701,0.310079,0.249272,0.356542
5,0.753382,0.309665,0.248705,0.356038
5,0.757166,0.310186,0.249418,0.356382
5,0.762904,0.310293,0.248915,0.355878
5,0.752827,0.309986,0.248769,0.356382
5,0.753526,0.310079,0.248632,0.355878
5,0.758851,0.309986,0.248915,0.356210
5,0.760806,0.309986,0.248412,0.355878
5,0.758134,0.309986,0.248485,0.356038
5,0.762491,0.309986,0.249062,0.355878
5,0.761093,0.310708,0.250205,0.356457
5,0.758134,0.310400,0.249629,0.356800
5,0.736438,0.298714,0.239913,0.349091
5,0.744560,0.300171,0.241624,0.350013
5,0.739378,0.299900,0.241624,0.350099
5,0.743987,0.299900,0.242767,0.349927
5,0.739378,0.300832,0.242200,0.350346
5,0.744686,0.300035,0.241843,0.350260
5,0.743717,0.301357,0.242840,0.350431
5,0.345482,0.108968,0.203704,0.169599
5,0.340443,0.108700,0.203726,0.169256
5,0.348001,0.109154,0.203726,0.170264
5,0.341131,0.109702,0.204218,0.170778
5,0.342391,0.109702,0.204071,0.170264
5,0.339754,0.109702,0.204218,0.171615
5,0.339652,0.110063,0.204488,0.171936
5,0.337352,0.109877,0.203971,0.171272
5,0.342962,0.110425,0.204463,0.172773
5,0.346170,0.110063,0.204291,0.172108
5,0.347313,0.110798,0.204341,0.172108
5,0.337469,0.110518,0.204316,0.172279
5,0.339080,0.111159,0.204438,0.172108
5,0.340443,0.110879,0.204363,0.171936
5,0.336444,0.111159,0.204560,0.172944
5,0.335418,0.110879,0.204463,0.172451
5,0.339754,0.111613,0.204880,0.173952
5,0.344002,0.111520,0.204780,0.172773
5,0.340340,0.112068,0.204708,0.174467
5,0.345482,0.111800,0.204780,0.173780
5,0.337586,0.112161,0.204880,0.173630
5,0.344793,0.111520,0.204855,0.173459
5,0.336781,0.112336,0.204902,0.174788
5,0.339754,0.111975,0.204855,0.173780
5,0.338509,0.112523,0.205050,0.174467
5,0.343314,0.112161,0.204880,0.173780
5,0.344793,0.112791,0.205147,0.175303
5,0.345482,0.113164,0.205294,0.176311
5,0.346507,0.113525,0.205344,0.176139
5,0.336781,0.112791,0.205147,0.175303
5,0.209013,0.036008,0.139845,0.027776
5,0.210807,0.035955,0.139845,0.027992
5,0.208048,0.036099,0.140137,0.028016
5,0.210166,0.036118,0.140104,0.028086
5,0.208189,0.036045,0.139991,0.027755
5,0.207771,0.036155,0.140175,0.028156
5,0.207312,0.036155,0.140175,0.028110
5,0.207407,0.036155,0.139883,0.027469
5,0.206536,0.036190,0.140396,0.028204
5,0.208695,0.036209,0.140320,0.028156
5,0.207177,0.036227,0.140250,0.028204
5,0.209336,0.036227,0.140471,0.028253
5,0.208095,0.036300,0.140509,0.028204
5,0.208648,0.036265,0.140579,0.027895
5,0.208972,0.036300,0.140725,0.028299
5,0.207224,0.036318,0.140579,0.028274
5,0.207360,0.035882,0.139770,0.027469
5,0.208324,0.036337,0.140876,0.028253
5,0.207730,0.036337,0.140876,0.028323
5,0.207913,0.036356,0.140876,0.028323
5,0.207036,0.036356,0.140984,0.028441
5,0.207407,0.036481,0.140984,0.028299
5,0.209242,0.036118,0.140104,0.027636
5,0.207960,0.036374,0.141205,0.028372
5,0.206806,0.036446,0.141097,0.028229
5,0.208554,0.036738,0.141831,0.028584
5,0.208142,0.036701,0.141755,0.028584
5,0.209336,0.036810,0.142085,0.028776
5,0.211684,0.036500,0.141097,0.028536
5,0.209289,0.036756,0.141831,0.028678
5,0.631604,0.166500,0.237195,0.177147
5,0.635851,0.166360,0.237122,0.176804
5,0.636535,0.166649,0.238055,0.177297
5,0.632411,0.166789,0.237625,0.177147
5,0.631042,0.166136,0.236976,0.175968
5,0.636395,0.165922,0.236482,0.175968
5,0.637080,0.165987,0.236912,0.176461
5,0.638045,0.166136,0.236976,0.176804
5,0.635570,0.165922,0.236409,0.176632
5,0.631323,0.166211,0.236976,0.176975
5,0.634061,0.166286,0.237406,0.176804
5,0.632288,0.166360,0.238266,0.176461
5,0.633236,0.166286,0.237122,0.176461
5,0.633236,0.166062,0.236546,0.175968
5,0.632692,0.167013,0.238055,0.177147
5,0.627761,0.166425,0.237333,0.176461
5,0.633096,0.167013,0.239839,0.178819
5,0.631867,0.166864,0.238476,0.177812
5,0.632288,0.167153,0.238193,0.178476
5,0.636799,0.167153,0.238193,0.177983
5,0.636114,0.167227,0.238266,0.177640
5,0.637904,0.167451,0.238339,0.178819
5,0.630639,0.167087,0.238055,0.178133
5,0.629270,0.167302,0.238266,0.178476
5,0.627217,0.167526,0.239556,0.178648
5,0.627761,0.167376,0.238623,0.179656
5,0.633376,0.167591,0.238906,0.179484
5,0.633096,0.167591,0.238696,0.179656
5,0.630358,0.167591,0.238979,0.179827
5,0.634201,0.167740,0.238833,0.179484
5,0.103282,0.393848,0.332513,0.282684
5,0.100689,0.394121,0.332551,0.282684
5,0.103663,0.393736,0.332476,0.282933
5,0.103096,0.394009,0.332626,0.283118
5,0.102837,0.393631,0.332038,0.282933
5,0.101888,0.394121,0.332955,0.283118
5,0.103218,0.393960,0.332734,0.283311
5,0.103412,0.394562,0.332810,0.283118
5,0.102083,0.394233,0.332880,0.283118
5,0.102650,0.394450,0.332697,0.283118
5,0.102083,0.394233,0.332443,0.282740
5,0.100689,0.394450,0.332993,0.283432
5,0.101005,0.394282,0.332588,0.283376
5,0.102148,0.394562,0.333031,0.283689
5,0.101823,0.394394,0.332955,0.283625
5,0.099797,0.394562,0.333064,0.283625
5,0.102650,0.394506,0.332847,0.283311
5,0.106517,0.395107,0.333506,0.284123
5,0.101321,0.394778,0.333322,0.283689
5,0.100178,0.394834,0.333506,0.284381
5,0.102966,0.394610,0.332918,0.283745
5,0.106201,0.394883,0.333360,0.284059
5,0.102464,0.394995,0.334056,0.284188
5,0.105876,0.394995,0.333398,0.284123
5,0.100753,0.394834,0.332880,0.283874
5,0.102780,0.395380,0.333652,0.284566
5,0.104044,0.395051,0.333506,0.284316
5,0.108924,0.395436,0.334169,0.284381
5,0.105187,0.395163,0.333948,0.284316
5,0.106071,0.395380,0.333727,0.284316
5,0.331859,0.217729,0.210711,0.126714
5,0.333470,0.220371,0.210859,0.128558
5,0.334950,0.220761,0.210809,0.127894
5,0.336561,0.221167,0.211176,0.130574
5,0.329808,0.219439,0.210737,0.127057
5,0.329691,0.221303,0.211176,0.129738
5,0.332899,0.220642,0.211276,0.131410
5,0.335873,0.221032,0.211373,0.131067
5,0.334847,0.220896,0.211348,0.131410
5,0.330028,0.221032,0.211398,0.131903
5,0.332430,0.221303,0.211398,0.131410
5,0.333587,0.220761,0.211420,0.132075
5,0.334496,0.221303,0.211445,0.133083
5,0.334378,0.220761,0.210884,0.127894
5,0.334496,0.221438,0.211568,0.133576
5,0.337704,0.220761,0.211521,0.132568
5,0.338846,0.221303,0.211496,0.132911
5,0.337923,0.222217,0.211593,0.133254
5,0.329237,0.221963,0.211176,0.130402
5,0.332093,0.218914,0.211104,0.129738
5,0.334159,0.221557,0.211496,0.133083
5,0.336209,0.221303,0.211593,0.132568
5,0.334496,0.221828,0.211643,0.133576
5,0.333119,0.221438,0.211298,0.130059
5,0.332328,0.222353,0.211546,0.134584
5,0.333016,0.220507,0.211251,0.130574
5,0.330028,0.222488,0.211690,0.133426
5,0.335521,0.222624,0.211690,0.131410
5,0.331976,0.222099,0.211690,0.133426
5,0.332665,0.222217,0.211618,0.134090
5,0.718919,0.254114,0.290872,0.323323
5,0.714436,0.254114,0.290442,0.323323
5,0.711764,0.252928,0.289161,0.322696
5,0.715835,0.252657,0.290515,0.322575
5,0.715135,0.253063,0.289655,0.322824
5,0.709110,0.252792,0.289445,0.322945
5,0.716122,0.252928,0.289445,0.322575
5,0.721860,0.254656,0.290945,0.323323
5,0.718632,0.254774,0.290872,0.323451
5,0.720604,0.255435,0.291302,0.323516
5,0.714293,0.254774,0.290872,0.323451
5,0.712750,0.253199,0.289939,0.322760
5,0.710939,0.253063,0.289518,0.322446
5,0.713181,0.254114,0.291229,0.323266
5,0.709810,0.253199,0.290085,0.323073
5,0.713306,0.253859,0.290515,0.323202
5,0.723545,0.254656,0.290945,0.323580
5,0.716390,0.255316,0.292171,0.324014
5,0.720174,0.255181,0.291585,0.323701
5,0.721447,0.255977,0.291942,0.323950
5,0.716534,0.256095,0.292171,0.323894
5,0.711352,0.255435,0.291732,0.323580
5,0.721860,0.255977,0.292370,0.323636
5,0.723957,0.256231,0.292015,0.324014
5,0.724800,0.256367,0.293219,0.324641
5,0.718488,0.255316,0.291302,0.323266
5,0.714848,0.255045,0.291302,0.323516
5,0.718363,0.254774,0.292405,0.323894
5,0.723115,0.255045,0.291375,0.323701
5,0.723115,0.255841,0.292015,0.323701
5,0.483381,0.153677,0.274148,0.221785
5,0.484398,0.153957,0.274221,0.221871
5,0.485764,0.153864,0.274221,0.222203
5,0.485764,0.153771,0.273864,0.221452
5,0.487812,0.153957,0.273791,0.222031
5,0.489429,0.154225,0.275438,0.222031
5,0.482015,0.154050,0.274504,0.222364
5,0.485313,0.154132,0.275072,0.222535
5,0.482480,0.154225,0.274861,0.222535
5,0.484296,0.154225,0.275008,0.222449
5,0.485081,0.154505,0.274715,0.222793
5,0.485764,0.154866,0.274651,0.222535
5,0.485430,0.154505,0.275932,0.222535
5,0.489300,0.154505,0.274788,0.222621
5,0.486795,0.154318,0.274578,0.222449
5,0.486214,0.154866,0.276078,0.223125
5,0.482364,0.154587,0.275008,0.222868
5,0.486330,0.155053,0.276362,0.223125
5,0.486446,0.154959,0.275145,0.223125
5,0.483497,0.154587,0.274578,0.223211
5,0.489814,0.155228,0.275502,0.223371
5,0.488495,0.155228,0.275648,0.223039
5,0.488495,0.154587,0.275008,0.222535
5,0.488713,0.155134,0.276581,0.223543
5,0.488495,0.155134,0.275008,0.222868
5,0.486112,0.155321,0.275438,0.223457
5,0.484863,0.155053,0.275145,0.222868
5,0.484979,0.155414,0.275721,0.223211
5,0.487129,0.155589,0.275932,0.223790
5,0.484630,0.155507,0.275794,0.223125
5,0.279539,0.051682,0.186057,0.039430
5,0.280003,0.051500,0.186182,0.039510
5,0.278563,0.051281,0.185445,0.038669
5,0.277724,0.051500,0.186132,0.039350
5,0.276563,0.051612,0.186304,0.039430
5,0.280003,0.051537,0.186182,0.039390
5,0.281258,0.051719,0.186182,0.039625
5,0.278515,0.051644,0.186182,0.039314
5,0.279396,0.051826,0.186157,0.039585
5,0.278331,0.051756,0.186229,0.039049
5,0.278146,0.051793,0.186427,0.039585
5,0.278235,0.051793,0.186326,0.039665
5,0.278003,0.051756,0.186326,0.039585
5,0.277075,0.051901,0.186326,0.039585
5,0.277444,0.051756,0.186304,0.039780
5,0.278610,0.051211,0.185740,0.038718
5,0.278890,0.051938,0.186524,0.039975
5,0.279164,0.051938,0.186596,0.039860
5,0.279866,0.052045,0.186449,0.039780
5,0.281490,0.052013,0.186574,0.039975
5,0.279491,0.052082,0.186427,0.040055
5,0.281163,0.052045,0.186499,0.039940
5,0.279027,0.052013,0.186549,0.040015
5,0.277539,0.052082,0.186549,0.039900
5,0.278146,0.051863,0.185837,0.038930
5,0.279122,0.052082,0.186377,0.039975
5,0.278146,0.052227,0.186596,0.040055
5,0.278188,0.052227,0.186621,0.040055
5,0.278610,0.052157,0.186671,0.039975
5,0.278420,0.052120,0.186549,0.040055
5,0.792329,0.197606,0.318945,0.218847
5,0.790356,0.197093,0.317857,0.218515
5,0.793996,0.197531,0.318443,0.219104
5,0.790930,0.197093,0.317936,0.218847
5,0.797923,0.197755,0.318130,0.219019
5,0.795538,0.197242,0.318016,0.218686
5,0.793172,0.197531,0.318443,0.219351
5,0.795538,0.197680,0.318170,0.218847
5,0.790087,0.197895,0.318170,0.219683
5,0.793727,0.198044,0.318016,0.219523
5,0.788689,0.198193,0.318870,0.219941
5,0.790500,0.198408,0.318443,0.219769
5,0.790087,0.197755,0.317703,0.219265
5,0.795825,0.198044,0.318324,0.219855
5,0.798354,0.198118,0.318210,0.219437
5,0.791342,0.198333,0.318517,0.219855
5,0.788958,0.197606,0.318210,0.219608
5,0.797224,0.198408,0.319099,0.220112
5,0.793727,0.198118,0.317897,0.219523
5,0.791486,0.198697,0.318671,0.220187
5,0.790787,0.198482,0.318364,0.220026
5,0.791199,0.198482,0.318478,0.220026
5,0.796381,0.198631,0.318443,0.220273
5,0.798623,0.198333,0.318905,0.220273
5,0.796955,0.198557,0.318403,0.220605
5,0.795270,0.198771,0.319064,0.220530
5,0.790356,0.198631,0.318751,0.220777
5,0.790356,0.198846,0.318751,0.220359
5,0.791199,0.198995,0.318751,0.220777
5,0.786160,0.198408,0.318051,0.220187
5,0.899094,0.318860,0.340709,0.343816
5,0.898967,0.319167,0.340859,0.343977
5,0.898193,0.318753,0.340930,0.344149
5,0.898753,0.318860,0.341151,0.343977
5,0.899396,0.318967,0.340859,0.343816
5,0.899181,0.319274,0.340784,0.343731
5,0.899780,0.319167,0.341043,0.344234
5,0.900296,0.319488,0.341485,0.344063
5,0.898583,0.318967,0.341005,0.343977
5,0.900895,0.319061,0.340897,0.344149
5,0.900466,0.319381,0.341113,0.343977
5,0.898753,0.318967,0.340968,0.343398
5,0.900126,0.319582,0.341189,0.344063
5,0.900768,0.319167,0.341226,0.344063
5,0.901153,0.319488,0.341777,0.344320
5,0.899956,0.319381,0.341556,0.343977
5,0.899868,0.319488,0.341410,0.343977
5,0.899780,0.319488,0.341777,0.343977
5,0.901109,0.319488,0.341631,0.344149
5,0.899824,0.319274,0.341335,0.343559
5,0.899396,0.319381,0.341593,0.343902
5,0.899654,0.319274,0.341448,0.343816
5,0.900170,0.319582,0.341739,0.343977
5,0.899956,0.318646,0.341485,0.343977
5,0.901153,0.319381,0.341815,0.344481
5,0.900554,0.318967,0.341485,0.343645
5,0.902701,0.319381,0.341998,0.344567
5,0.902355,0.319796,0.342144,0.344234
5,0.900680,0.319796,0.342144,0.344899
5,0.901328,0.320103,0.342878,0.344567
60,0.131969,0.992187,0.838360,0.962709
60,0.138479,0.992187,0.838765,0.963281
60,0.134232,0.992187,0.838412,0.962952
60,0.135053,0.992187,0.839125,0.963620
60,0.131904,0.992187,0.839636,0.963450
60,0.134232,0.992187,0.838510,0.963037
60,0.134757,0.992187,0.838975,0.963122
60,0.134079,0.992187,0.838720,0.963535
60,0.137735,0.992187,0.839328,0.962783
60,0.135654,0.992187,0.839125,0.963535
60,0.131904,0.992187,0.839073,0.963450
60,0.134232,0.992187,0.838975,0.963535
60,0.131150,0.992187,0.838818,0.963450
60,0.134604,0.992187,0.839021,0.963778
60,0.138040,0.992187,0.838922,0.963863
60,0.135349,0.992187,0.839021,0.963948
60,0.139605,0.992187,0.839688,0.963620
60,0.137067,0.992187,0.838720,0.963535
60,0.137362,0.992187,0.840506,0.964689
60,0.139157,0.992187,0.839073,0.964520
60,0.134461,0.992187,0.838975,0.964107
60,0.135721,0.992187,0.839073,0.964107
60,0.138851,0.992187,0.839636,0.964191
60,0.139901,0.992187,0.839073,0.963778
60,0.138928,0.992187,0.839230,0.964107
60,0.136618,0.992187,0.839282,0.963535
60,0.140044,0.992187,0.839328,0.963948
60,0.136771,0.992187,0.840506,0.964520
60,0.140646,0.992187,0.839584,0.964276
60,0.142507,0.992187,0.839485,0.964361
60,0.229142,0.896679,0.540359,0.747049
60,0.227081,0.896140,0.540672,0.745910
60,0.227737,0.895600,0.538660,0.742346
60,0.228530,0.896887,0.541311,0.746848
60,0.229204,0.896140,0.541637,0.746433
60,0.227612,0.892461,0.539299,0.742132
60,0.228836,0.896679,0.540672,0.743700
60,0.231534,0.896887,0.541420,0.746955
60,0.231534,0.896790,0.541733,0.746218
60,0.229330,0.896347,0.541637,0.745803
60,0.231471,0.896887,0.541842,0.746326
60,0.230185,0.896458,0.541950,0.746433
60,0.230067,0.896679,0.542372,0.745281
60,0.228412,0.897426,0.542372,0.746741
60,0.229879,0.896569,0.541842,0.746433
60,0.229816,0.897218,0.542263,0.746433
60,0.232083,0.897426,0.543011,0.746955
60,0.229087,0.898186,0.542589,0.745066
60,0.230185,0.897426,0.543120,0.747585
60,0.231228,0.897426,0.543011,0.746741
60,0.232389,0.894411,0.541420,0.743700
60,0.236806,0.897647,0.543541,0.747585
60,0.230491,0.897536,0.543650,0.747371
60,0.232884,0.895047,0.539720,0.739627
60,0.231103,0.897536,0.543650,0.747585
60,0.232146,0.894619,0.541094,0.742655
60,0.231409,0.896140,0.541950,0.744128
60,0.229761,0.898076,0.543759,0.748416
60,0.233739,0.897868,0.541733,0.744236
60,0.232515,0.896569,0.541637,0.743700
60,0.335301,0.790006,0.666226,0.767635
60,0.337015,0.789372,0.664624,0.767635
60,0.341702,0.789786,0.663865,0.768035
60,0.346287,0.792158,0.666226,0.769504
60,0.343768,0.796047,0.670080,0.772629
60,0.350638,0.805536,0.673838,0.781388
60,0.353377,0.797978,0.669321,0.774498
60,0.352000,0.806832,0.674596,0.780773
60,0.345599,0.798419,0.669140,0.773884
60,0.342508,0.799716,0.671959,0.775753
60,0.347196,0.805757,0.676198,0.781601
60,0.345145,0.799274,0.672621,0.776794
60,0.346405,0.804240,0.669887,0.779091
60,0.348573,0.805315,0.672898,0.780987
60,0.350858,0.805536,0.673561,0.780346
60,0.333470,0.783331,0.660204,0.761787
60,0.286233,0.695684,0.561285,0.688163
60,0.356922,0.842610,0.695619,0.813326
60,0.364598,0.846057,0.696341,0.815409
60,0.363558,0.844761,0.696042,0.814367
60,0.363675,0.844320,0.696298,0.815409
60,0.369168,0.841534,0.695831,0.811216
60,0.364817,0.839355,0.693749,0.810175
60,0.364363,0.838499,0.693494,0.809133
60,0.370091,0.850995,0.696635,0.819148
60,0.377986,0.855105,0.698672,0.823340
60,0.375803,0.860268,0.698846,0.826865
60,0.380623,0.859936,0.699058,0.826678
60,0.380623,0.858774,0.698379,0.825824
60,0.380960,0.857257,0.698167,0.824382
60,0.423570,0.753815,0.724270,0.791001
60,0.420621,0.754229,0.724737,0.791188
60,0.417106,0.753595,0.724482,0.791402
60,0.418805,0.754229,0.724313,0.791188
60,0.417440,0.753595,0.724313,0.791188
60,0.421871,0.753815,0.724444,0.791829
60,0.418239,0.753815,0.724482,0.791001
60,0.416989,0.753595,0.724270,0.791829
60,0.421638,0.754671,0.724444,0.791188
60,0.419938,0.754671,0.724612,0.792229
60,0.422437,0.754229,0.724612,0.792443
60,0.428452,0.754891,0.724656,0.791001
60,0.421406,0.755526,0.724949,0.792443
60,0.419822,0.754671,0.724569,0.792443
60,0.421072,0.754450,0.724694,0.792443
60,0.421072,0.756601,0.726052,0.794740
60,0.419488,0.755526,0.724694,0.794339
60,0.423120,0.755112,0.724868,0.793912
60,0.422437,0.755112,0.725036,0.793084
60,0.420273,0.755526,0.725161,0.793698
60,0.417323,0.755526,0.724911,0.793298
60,0.420505,0.755305,0.725291,0.794740
60,0.418355,0.755746,0.725123,0.794740
60,0.415290,0.755746,0.724949,0.793298
60,0.411193,0.756822,0.725590,0.795167
60,0.415508,0.755967,0.725080,0.793912
60,0.416641,0.756408,0.725248,0.795381
60,0.415290,0.756187,0.725460,0.794740
60,0.415057,0.756601,0.726052,0.795167
60,0.416074,0.756601,0.725123,0.794740
60,0.552901,0.772545,0.736636,0.735433
60,0.551408,0.773649,0.736470,0.735125
60,0.547394,0.773649,0.736725,0.735755
60,0.547008,0.773649,0.736381,0.735540
60,0.547394,0.774062,0.737502,0.736277
60,0.551906,0.773842,0.737158,0.736277
60,0.550396,0.773649,0.738112,0.736478
60,0.551649,0.773207,0.736991,0.735755
60,0.552034,0.774504,0.738811,0.736478
60,0.548020,0.773428,0.737069,0.735862
60,0.551906,0.774062,0.737335,0.736063
60,0.556546,0.773649,0.737069,0.736384
60,0.551520,0.774917,0.738023,0.736478
60,0.550653,0.773842,0.737069,0.736170
60,0.551151,0.775579,0.738378,0.736800
60,0.550894,0.775138,0.737424,0.736478
60,0.548775,0.775579,0.738112,0.736907
60,0.548261,0.774062,0.738201,0.736478
60,0.548646,0.775359,0.738290,0.736693
60,0.553286,0.774724,0.737934,0.736384
60,0.547763,0.775579,0.739677,0.737630
60,0.548646,0.775359,0.737934,0.736277
60,0.557172,0.775800,0.738811,0.737108
60,0.548518,0.775800,0.739932,0.737630
60,0.550155,0.775993,0.738978,0.737630
60,0.551649,0.776876,0.738811,0.737630
60,0.552789,0.775579,0.738978,0.737537
60,0.546768,0.775800,0.739155,0.737001
60,0.558553,0.776435,0.740975,0.737738
60,0.549513,0.774724,0.739066,0.736907
60,0.775653,0.800350,0.787277,0.767635
60,0.774954,0.800792,0.787887,0.768035
60,0.772569,0.801426,0.787365,0.769504
60,0.774954,0.801426,0.790484,0.769718
60,0.766132,0.801426,0.787887,0.769290
60,0.769341,0.803164,0.789008,0.770759
60,0.771027,0.804240,0.788841,0.770759
60,0.773698,0.804019,0.789185,0.770759
60,0.770614,0.804240,0.789529,0.771801
60,0.769771,0.803577,0.789707,0.770973
60,0.777338,0.804240,0.790051,0.772201
60,0.770614,0.804460,0.789962,0.770973
60,0.779293,0.804240,0.789962,0.771801
60,0.772569,0.804874,0.790573,0.772415
60,0.780279,0.805315,0.790573,0.772629
60,0.784762,0.804240,0.790140,0.771587
60,0.779723,0.805950,0.791261,0.773456
60,0.786860,0.805315,0.791960,0.773884
60,0.782234,0.805757,0.790395,0.772842
60,0.777607,0.805757,0.792049,0.772014
60,0.778307,0.804874,0.791694,0.773269
60,0.776783,0.805757,0.791261,0.773269
60,0.770184,0.805536,0.791172,0.773269
60,0.781965,0.805757,0.792559,0.774311
60,0.775653,0.805757,0.791349,0.775139
60,0.779723,0.805757,0.790917,0.773884
60,0.778450,0.806391,0.791527,0.774711
60,0.779580,0.807026,0.791527,0.775139
60,0.781391,0.808764,0.794734,0.776394
60,0.780423,0.809398,0.792914,0.776180
60,0.420955,0.419583,0.662179,0.410652
60,0.420273,0.419583,0.662649,0.413000
60,0.423120,0.419912,0.662082,0.410148
60,0.425386,0.419527,0.662359,0.412753
60,0.428336,0.420129,0.662733,0.412496
60,0.424704,0.419688,0.662456,0.412753
60,0.421522,0.419800,0.662552,0.412828
60,0.423004,0.419583,0.662829,0.412914
60,0.423905,0.419961,0.662733,0.413665
60,0.428568,0.419688,0.662552,0.412914
60,0.428001,0.420073,0.663022,0.413418
60,0.428786,0.420129,0.662829,0.413750
60,0.430035,0.419912,0.663395,0.413332
60,0.425503,0.420345,0.661516,0.410073
60,0.429352,0.420185,0.663299,0.413171
60,0.430950,0.418765,0.659915,0.407221
60,0.428219,0.419087,0.660384,0.409644
60,0.430486,0.419744,0.660758,0.408057
60,0.427319,0.420513,0.663865,0.413922
60,0.427202,0.420345,0.664335,0.414093
60,0.426287,0.420234,0.661324,0.410491
60,0.423570,0.420185,0.663769,0.413246
60,0.423004,0.419961,0.662649,0.411574
60,0.424369,0.420234,0.663684,0.413590
60,0.425154,0.420457,0.664431,0.414254
60,0.427885,0.420457,0.663769,0.413590
60,0.429251,0.420674,0.664527,0.414672
60,0.429817,0.421003,0.663492,0.414587
60,0.423687,0.419744,0.661516,0.411242
60,0.426185,0.420457,0.664238,0.414672
60,0.223492,0.996096,0.883572,0.989251
60,0.226298,0.996063,0.882079,0.989052
60,0.226022,0.996085,0.881689,0.988888
60,0.223033,0.996096,0.883883,0.989087
60,0.222209,0.996041,0.881608,0.988970
60,0.223680,0.996096,0.881849,0.989128
60,0.221015,0.996149,0.882159,0.988929
60,0.221197,0.996105,0.882630,0.989169
60,0.223539,0.996105,0.881298,0.989052
60,0.225333,0.996138,0.884504,0.989087
60,0.223633,0.996105,0.882159,0.988888
60,0.223633,0.996127,0.882550,0.989210
60,0.224045,0.996138,0.882240,0.989369
60,0.224921,0.996117,0.881769,0.989287
60,0.224186,0.996138,0.882780,0.989328
60,0.227918,0.996170,0.882710,0.989451
60,0.225192,0.996213,0.883251,0.989609
60,0.225192,0.996117,0.882710,0.989487
60,0.225104,0.996159,0.882861,0.989451
60,0.225057,0.996181,0.884113,0.989451
60,0.226116,0.996192,0.882550,0.989568
60,0.224874,0.996127,0.882550,0.989369
60,0.225927,0.996203,0.883181,0.989451
60,0.223262,0.996246,0.883572,0.989609
60,0.223492,0.996224,0.883101,0.989727
60,0.225469,0.996235,0.884273,0.989768
60,0.224092,0.996203,0.883332,0.989609
60,0.224504,0.996235,0.883251,0.989727
60,0.223356,0.996224,0.883251,0.989609
60,0.224921,0.996277,0.884113,0.990167
60,0.341820,0.941889,0.624444,0.802244
60,0.342054,0.942222,0.626889,0.809133
60,0.342391,0.941951,0.625480,0.808519
60,0.336781,0.941982,0.626131,0.808519
60,0.340560,0.942133,0.627070,0.809347
60,0.338509,0.942102,0.626516,0.811216
60,0.342391,0.942405,0.626600,0.805395
60,0.340223,0.942587,0.625950,0.808306
60,0.335521,0.941404,0.625095,0.802671
60,0.337586,0.942284,0.625191,0.803312
60,0.331976,0.942222,0.627359,0.811430
60,0.337821,0.941858,0.627552,0.808920
60,0.348573,0.942827,0.628672,0.813513
60,0.346287,0.942587,0.626323,0.805795
60,0.344222,0.942556,0.628491,0.808519
60,0.338392,0.941858,0.626697,0.804353
60,0.338275,0.942253,0.627733,0.811216
60,0.340911,0.942253,0.628672,0.811216
60,0.339080,0.942284,0.628865,0.811216
60,0.335990,0.942160,0.628491,0.810602
60,0.335067,0.942284,0.627263,0.806436
60,0.337704,0.942587,0.629057,0.813513
60,0.340677,0.942556,0.628865,0.813513
60,0.337704,0.942467,0.627359,0.805181
60,0.336561,0.942343,0.628491,0.811430
60,0.335755,0.942769,0.631406,0.812258
60,0.335521,0.942800,0.631502,0.813326
60,0.339535,0.942587,0.628576,0.806223
60,0.338846,0.942467,0.629142,0.811857
60,0.340223,0.942707,0.629057,0.807691
60,0.860028,0.988253,0.866996,0.956831
60,0.859811,0.987863,0.866329,0.956249
60,0.854835,0.988342,0.867710,0.957329
60,0.857370,0.988425,0.866741,0.957000
60,0.856110,0.988342,0.866944,0.957572
60,0.851974,0.988169,0.866741,0.956746
60,0.850808,0.988603,0.868325,0.957413
60,0.853561,0.988864,0.867664,0.957901
60,0.851974,0.988647,0.867252,0.957244
60,0.851757,0.988558,0.867455,0.957000
60,0.862454,0.988469,0.867304,0.957075
60,0.860339,0.988686,0.867356,0.957742
60,0.853140,0.988903,0.868175,0.958324
60,0.855255,0.988775,0.867867,0.958240
60,0.852923,0.988469,0.867402,0.957075
60,0.860868,0.988603,0.867965,0.957572
60,0.864366,0.988820,0.868070,0.957827
60,0.855147,0.988731,0.868070,0.957827
60,0.860028,0.988864,0.867919,0.958155
60,0.857479,0.988297,0.867356,0.957488
60,0.860665,0.988864,0.868175,0.958240
60,0.858116,0.988864,0.868017,0.958398
60,0.863729,0.988775,0.867710,0.958240
60,0.852720,0.988820,0.868122,0.958240
60,0.853778,0.988558,0.868378,0.957572
60,0.860556,0.988903,0.868273,0.958398
60,0.854944,0.988820,0.868017,0.958070
60,0.854198,0.989081,0.869300,0.958568
60,0.853249,0.988686,0.868528,0.957985
60,0.856421,0.988903,0.867919,0.958324
60,0.576248,0.843878,0.789529,0.880653
60,0.581884,0.845837,0.792914,0.881030
60,0.583762,0.844761,0.790051,0.880468
60,0.585657,0.844320,0.789873,0.880588
60,0.586781,0.845175,0.790484,0.881030
60,0.584774,0.844761,0.789873,0.880837
60,0.584645,0.844761,0.789529,0.880588
60,0.584774,0.845396,0.789873,0.880717
60,0.587589,0.845175,0.789873,0.880781
60,0.580374,0.845175,0.790573,0.880653
60,0.588818,0.845175,0.792126,0.880781
60,0.583522,0.845837,0.790395,0.880966
60,0.586283,0.844982,0.792481,0.880901
60,0.585529,0.845616,0.790229,0.881030
60,0.583265,0.845837,0.790661,0.881214
60,0.586283,0.846057,0.790739,0.881214
60,0.584276,0.846471,0.793081,0.881214
60,0.589923,0.846251,0.790573,0.881279
60,0.590871,0.846913,0.791005,0.881407
60,0.585769,0.845837,0.790661,0.881407
60,0.583891,0.847326,0.790661,0.881343
60,0.584517,0.847133,0.790917,0.881343
60,0.587449,0.846913,0.790917,0.881407
60,0.587308,0.847326,0.791261,0.881407
60,0.583136,0.846471,0.790917,0.881528
60,0.592521,0.847547,0.791261,0.881784
60,0.587028,0.847988,0.793514,0.882033
60,0.581884,0.847768,0.791527,0.881905
60,0.588414,0.847547,0.791960,0.881969
60,0.582141,0.847547,0.791172,0.882033
60,0.779293,0.872908,0.813890,0.835651
60,0.774398,0.873447,0.813546,0.835224
60,0.777607,0.873226,0.814411,0.835838
60,0.779436,0.873668,0.813634,0.837093
60,0.772156,0.873668,0.813202,0.835224
60,0.772855,0.873558,0.814755,0.836052
60,0.775366,0.873018,0.814156,0.835651
60,0.776352,0.873558,0.813368,0.835838
60,0.772999,0.873226,0.813368,0.836265
60,0.779849,0.874097,0.814755,0.836879
60,0.774954,0.873986,0.815199,0.837734
60,0.773698,0.874207,0.814411,0.836479
60,0.772999,0.873876,0.815277,0.836879
60,0.778880,0.873986,0.814411,0.838348
60,0.776783,0.873765,0.814411,0.837306
60,0.779992,0.874207,0.814411,0.837520
60,0.777894,0.873765,0.814323,0.836479
60,0.776065,0.874747,0.816143,0.838134
60,0.782090,0.874304,0.814500,0.838562
60,0.777751,0.874207,0.814500,0.837093
60,0.779849,0.874304,0.814755,0.837921
60,0.773411,0.874526,0.816409,0.838562
60,0.789101,0.874415,0.815110,0.837520
60,0.775796,0.874636,0.814933,0.838775
60,0.775796,0.874526,0.814156,0.838562
60,0.772156,0.874747,0.815022,0.838134
60,0.773967,0.875176,0.818140,0.838989
60,0.780548,0.874747,0.816753,0.838348
60,0.775796,0.874954,0.815199,0.838775
60,0.776209,0.874954,0.815454,0.838562
60,0.842864,0.768463,0.807564,0.764697
60,0.849114,0.768904,0.807653,0.764297
60,0.849534,0.768683,0.809129,0.765525
60,0.850592,0.769318,0.810083,0.765525
60,0.852503,0.770394,0.808341,0.764697
60,0.845616,0.768021,0.807131,0.763255
60,0.841915,0.769980,0.807997,0.765525
60,0.843392,0.769538,0.808263,0.764484
60,0.847636,0.769759,0.808696,0.765525
60,0.848585,0.769318,0.808263,0.766380
60,0.850063,0.769759,0.808696,0.765525
60,0.847528,0.769980,0.808862,0.766166
60,0.846999,0.771469,0.809728,0.766994
60,0.850171,0.771690,0.809817,0.767421
60,0.845833,0.771911,0.809650,0.767635
60,0.847310,0.771690,0.809994,0.767208
60,0.852923,0.771469,0.809561,0.769077
60,0.852395,0.772352,0.810860,0.767822
60,0.852286,0.771690,0.809206,0.767208
60,0.850808,0.772986,0.810338,0.770332
60,0.850917,0.772766,0.809817,0.768249
60,0.846890,0.772545,0.809817,0.767635
60,0.843175,0.772986,0.809728,0.768035
60,0.843284,0.771690,0.809040,0.766780
60,0.845195,0.772131,0.809473,0.768676
60,0.843921,0.772986,0.809817,0.769077
60,0.844030,0.773428,0.812336,0.769504
60,0.840423,0.773649,0.810338,0.769504
60,0.842972,0.774062,0.810083,0.770759
60,0.839691,0.774724,0.811037,0.770332
60,0.348455,0.993049,0.950417,0.970398
60,0.345247,0.993006,0.948534,0.970154
60,0.344105,0.992898,0.947832,0.969900
60,0.343768,0.993006,0.949085,0.970398
60,0.343534,0.993049,0.950337,0.970567
60,0.348455,0.993123,0.949556,0.970726
60,0.343416,0.993134,0.951199,0.970652
60,0.343534,0.993080,0.948844,0.970154
60,0.339417,0.993060,0.949315,0.970398
60,0.341702,0.993080,0.949315,0.970398
60,0.345028,0.993145,0.949786,0.971065
60,0.347547,0.993113,0.949946,0.970811
60,0.347767,0.993123,0.949556,0.970652
60,0.341131,0.993038,0.948844,0.970811
60,0.342054,0.993209,0.950417,0.971393
60,0.342054,0.993187,0.949556,0.971393
60,0.344793,0.993198,0.949706,0.971139
60,0.348573,0.993187,0.949005,0.971065
60,0.346624,0.993198,0.949706,0.971637
60,0.346053,0.993209,0.949706,0.971393
60,0.351326,0.993209,0.950417,0.971563
60,0.352352,0.993198,0.950027,0.971563
60,0.349598,0.993145,0.950728,0.972050
60,0.344910,0.993123,0.949866,0.971065
60,0.343416,0.993156,0.950257,0.971721
60,0.344676,0.993231,0.951279,0.971976
60,0.350858,0.993274,0.951279,0.972548
60,0.354520,0.993263,0.952321,0.972219
60,0.344793,0.993263,0.951038,0.972050
60,0.339989,0.993263,0.951119,0.972050
60,0.524802,0.932108,0.708225,0.746848
60,0.529571,0.932219,0.708567,0.747263
60,0.528447,0.932869,0.708355,0.746526
60,0.528575,0.933090,0.708268,0.746955
60,0.526809,0.932330,0.708311,0.746326
60,0.520049,0.932648,0.708355,0.747786
60,0.528575,0.933408,0.708605,0.747679
60,0.524304,0.932980,0.708860,0.747786
60,0.525556,0.932758,0.708860,0.746218
60,0.531337,0.934169,0.708311,0.745173
60,0.527692,0.933408,0.708567,0.748000
60,0.525942,0.933630,0.708779,0.747478
60,0.522168,0.930062,0.707589,0.744329
60,0.521173,0.930062,0.707969,0.745173
60,0.529073,0.933408,0.708692,0.748107
60,0.528704,0.934915,0.708822,0.749353
60,0.523935,0.933187,0.709415,0.748523
60,0.529571,0.933298,0.709203,0.749675
60,0.536347,0.934058,0.708648,0.746111
60,0.533215,0.931251,0.708393,0.747679
60,0.531337,0.933948,0.708991,0.748000
60,0.525685,0.934058,0.709116,0.748523
60,0.530325,0.933630,0.708860,0.748201
60,0.527564,0.934058,0.709034,0.748724
60,0.527564,0.933408,0.709034,0.747156
60,0.532589,0.934169,0.709159,0.748938
60,0.530454,0.934819,0.709284,0.748724
60,0.526070,0.933187,0.707589,0.742454
60,0.527323,0.934819,0.709458,0.749461
60,0.518909,0.934597,0.709751,0.749675
60,0.930589,0.964973,0.919028,0.920494
60,0.932889,0.965189,0.919960,0.920515
60,0.934194,0.965362,0.919890,0.920639
60,0.933199,0.965362,0.920361,0.920699
60,0.935626,0.965273,0.920591,0.920720
60,0.932762,0.965362,0.920902,0.920781
60,0.931456,0.965189,0.921683,0.920699
60,0.935746,0.965101,0.920281,0.920639
60,0.932387,0.965317,0.920120,0.920555
60,0.930462,0.965317,0.920120,0.920678
60,0.931647,0.964884,0.918868,0.920433
60,0.933072,0.965362,0.920431,0.920802
60,0.934130,0.965362,0.920040,0.920657
60,0.931584,0.965406,0.920431,0.920639
60,0.935626,0.965101,0.919499,0.920597
60,0.936056,0.965317,0.920281,0.920720
60,0.935499,0.965451,0.920281,0.920657
60,0.932204,0.965623,0.920822,0.920781
60,0.935189,0.965451,0.920671,0.920657
60,0.932451,0.965490,0.922465,0.920844
60,0.931210,0.965534,0.922625,0.920741
60,0.934441,0.965534,0.920671,0.920720
60,0.930215,0.965534,0.921062,0.920762
60,0.932387,0.965751,0.921293,0.920823
60,0.930525,0.965579,0.921373,0.920926
60,0.932021,0.965273,0.920591,0.920639
60,0.931337,0.965751,0.921142,0.920865
60,0.934815,0.965317,0.920591,0.920781
60,0.933820,0.965668,0.921844,0.920781
60,0.934878,0.965451,0.920822,0.920657
60,0.682463,0.787634,0.841220,0.804754
60,0.676707,0.786558,0.841220,0.805181
60,0.683832,0.786999,0.841122,0.805795
60,0.683148,0.786999,0.842909,0.806223
60,0.677391,0.786558,0.842706,0.806223
60,0.682744,0.787441,0.844545,0.808306
60,0.686710,0.786779,0.841325,0.805181
60,0.682604,0.788517,0.843164,0.807691
60,0.676847,0.787634,0.841888,0.806837
60,0.679989,0.788296,0.841835,0.805795
60,0.679585,0.786999,0.841174,0.805395
60,0.683148,0.788296,0.841528,0.806223
60,0.678620,0.787854,0.843472,0.806009
60,0.677935,0.788296,0.841737,0.806436
60,0.681638,0.789372,0.843674,0.807878
60,0.682463,0.787220,0.841685,0.806436
60,0.683973,0.787854,0.841580,0.806837
60,0.685763,0.788075,0.841940,0.807478
60,0.687535,0.787634,0.841632,0.807478
60,0.688641,0.788710,0.842909,0.808733
60,0.680954,0.789372,0.843216,0.808306
60,0.684376,0.789592,0.841940,0.809347
60,0.681779,0.788517,0.842293,0.808092
60,0.678479,0.789592,0.841835,0.808092
60,0.677672,0.789786,0.842143,0.808092
60,0.678357,0.789592,0.842248,0.809133
60,0.680129,0.790447,0.842195,0.808920
60,0.675882,0.789372,0.841940,0.808920
60,0.680814,0.789592,0.843884,0.809347
60,0.675338,0.789786,0.842653,0.809561
60,0.875917,0.836568,0.875266,0.752173
60,0.873585,0.835907,0.876449,0.752814
60,0.869450,0.837203,0.876369,0.751986
60,0.872731,0.837644,0.877150,0.752814
60,0.879836,0.836789,0.877070,0.753241
60,0.875809,0.835907,0.876920,0.753428
60,0.876121,0.836982,0.876369,0.752600
60,0.879090,0.837644,0.876449,0.754470
60,0.878141,0.837203,0.876679,0.753027
60,0.874643,0.837644,0.877851,0.754283
60,0.871362,0.837644,0.876920,0.753027
60,0.876649,0.837424,0.876599,0.753241
60,0.878981,0.837424,0.876839,0.753855
60,0.871362,0.838086,0.876920,0.753428
60,0.876012,0.837424,0.876679,0.753855
60,0.874223,0.838086,0.876288,0.752600
60,0.874846,0.838941,0.876519,0.754470
60,0.878778,0.838499,0.877070,0.754069
60,0.877083,0.838941,0.877380,0.754283
60,0.878236,0.838720,0.876839,0.753241
60,0.874426,0.839162,0.878633,0.754683
60,0.872202,0.839162,0.877380,0.754897
60,0.882899,0.838720,0.877851,0.754683
60,0.875172,0.839162,0.877461,0.754069
60,0.878561,0.839355,0.877771,0.755324
60,0.873369,0.840237,0.879965,0.755938
60,0.881734,0.840430,0.877701,0.755938
60,0.878141,0.840430,0.877701,0.755938
60,0.874223,0.839796,0.877851,0.756766
60,0.876975,0.840017,0.879494,0.755938
60,0.883537,0.737430,0.856360,0.724340
60,0.883428,0.737651,0.856360,0.724340
60,0.883428,0.737871,0.857433,0.725907
60,0.880364,0.737651,0.856209,0.724755
60,0.877178,0.736575,0.856360,0.725278
60,0.878561,0.738065,0.856615,0.724970
60,0.878981,0.738506,0.856563,0.725599
60,0.880364,0.737651,0.856307,0.725800
60,0.880893,0.738506,0.856720,0.725492
60,0.879402,0.739582,0.856766,0.725385
60,0.881205,0.738506,0.856307,0.725184
60,0.882479,0.738506,0.856510,0.725278
60,0.884920,0.739361,0.856975,0.726229
60,0.886008,0.739168,0.856720,0.725706
60,0.886908,0.739361,0.857126,0.726122
60,0.883428,0.739582,0.856870,0.725385
60,0.880676,0.739168,0.857892,0.725907
60,0.883225,0.740658,0.857741,0.726336
60,0.886052,0.740023,0.857178,0.726015
60,0.882371,0.739582,0.857073,0.726336
60,0.885760,0.739361,0.857892,0.726015
60,0.886826,0.739582,0.856818,0.726015
60,0.887639,0.739582,0.857381,0.726336
60,0.886222,0.740244,0.857381,0.726336
60,0.886096,0.739803,0.858147,0.726122
60,0.888413,0.739582,0.857381,0.726537
60,0.887853,0.743471,0.858454,0.727475
60,0.886612,0.740023,0.857433,0.725706
60,0.885652,0.740244,0.857433,0.726336
60,0.885015,0.741099,0.857538,0.726751
60,0.497955,0.999710,0.997414,0.998445
60,0.501471,0.999743,0.999044,0.998844
60,0.514654,0.999786,0.999044,0.999043
60,0.509885,0.999797,0.997990,0.998921
60,0.509628,0.999721,0.997800,0.998961
60,0.504233,0.999839,0.998278,0.998880
60,0.511764,0.999732,0.997702,0.999002
60,0.516276,0.999819,0.997892,0.999002
60,0.514140,0.999732,0.999473,0.999161
60,0.514654,0.999828,0.998180,0.999043
60,0.518780,0.999882,0.999663,0.999361
60,0.515280,0.999828,1.000000,0.999120
60,0.511764,0.999754,0.998131,0.999002
60,0.507621,0.999882,0.998707,0.999320
60,0.510752,0.999808,0.999283,0.999320
60,0.517159,0.999893,0.998995,0.999483
60,0.512647,0.999819,0.998039,0.999084
60,0.514525,0.999926,0.998897,0.999401
60,0.518411,0.999915,0.998946,0.999320
60,0.509885,0.999893,0.998707,0.999243
60,0.507621,0.999904,0.998615,0.999483
60,0.508376,0.999904,0.999620,0.999841
60,0.510752,0.999915,0.998854,0.999601
60,0.512518,0.999968,0.999522,0.999882
60,0.502724,0.999775,0.997800,0.999002
60,0.512647,0.999786,0.998658,0.999243
60,0.503864,0.999743,0.998088,0.998844
60,0.509259,0.999754,0.998180,0.999043
60,0.503607,0.999786,0.998131,0.999084
60,0.506368,1.000000,0.999712,1.000000
60,0.666704,0.950855,0.743051,0.828761
60,0.666704,0.951157,0.742795,0.825637
60,0.664089,0.950673,0.743317,0.829803
60,0.668336,0.950704,0.742707,0.830630
60,0.659438,0.950459,0.743495,0.828975
60,0.668616,0.950762,0.743495,0.831886
60,0.662035,0.950913,0.743139,0.831245
60,0.671214,0.950157,0.742362,0.825209
60,0.666142,0.951157,0.743495,0.832500
60,0.663123,0.950704,0.741930,0.824382
60,0.659297,0.950913,0.742795,0.830016
60,0.662439,0.951064,0.743750,0.832099
60,0.662720,0.950277,0.742185,0.825824
60,0.664510,0.950490,0.742362,0.825209
60,0.661754,0.951398,0.744183,0.833968
60,0.660666,0.951188,0.744183,0.830016
60,0.656823,0.951215,0.743839,0.833354
60,0.663264,0.951215,0.744615,0.832927
60,0.663404,0.951006,0.744793,0.831058
60,0.659841,0.951370,0.744527,0.835010
60,0.663948,0.951522,0.744959,0.834796
60,0.656823,0.951339,0.744882,0.834583
60,0.660930,0.951370,0.744793,0.835437
60,0.665598,0.951064,0.743228,0.828334
60,0.658876,0.951370,0.745048,0.835010
60,0.654348,0.951460,0.745048,0.835437
60,0.658613,0.951398,0.745392,0.834396
60,0.659438,0.950552,0.744005,0.829162
60,0.662439,0.951037,0.743750,0.829803
60,0.657788,0.951491,0.744271,0.829803
60,0.996996,0.987602,0.972088,0.946071
60,0.996912,0.987168,0.971610,0.945658
60,0.999631,0.988125,0.972952,0.947892
60,0.996047,0.987819,0.972615,0.947236
60,0.997860,0.988036,0.972952,0.947564
60,0.999468,0.987474,0.971849,0.946325
60,0.998108,0.988125,0.973240,0.948221
60,0.999304,0.987430,0.971708,0.946071
60,0.997739,0.987991,0.973620,0.947236
60,0.998725,0.987991,0.974098,0.947479
60,0.996585,0.988125,0.973191,0.947808
60,0.999057,0.987774,0.972762,0.947310
60,0.998192,0.988208,0.972854,0.948634
60,0.997491,0.987991,0.972903,0.947808
60,0.996790,0.988208,0.973240,0.948390
60,0.998519,0.988425,0.973381,0.948062
60,0.995678,0.988169,0.972713,0.947564
60,0.996421,0.987602,0.972854,0.947236
60,0.997570,0.988169,0.973430,0.947977
60,0.998851,0.987819,0.972235,0.946823
60,0.998645,0.988036,0.973528,0.947649
60,0.997323,0.988036,0.972903,0.947236
60,0.999220,0.988125,0.974147,0.947734
60,0.997407,0.988253,0.973430,0.947734
60,0.998192,0.988169,0.973528,0.948634
60,0.996421,0.988297,0.973050,0.948390
60,0.997981,0.988169,0.974625,0.948719
60,0.996337,0.987991,0.973289,0.947734
60,0.998271,0.988297,0.973859,0.948147
60,1.000000,0.988469,0.974343,0.948305
60,0.841698,0.879283,0.899071,0.891248
60,0.842864,0.879601,0.902357,0.891625
60,0.843501,0.880140,0.901726,0.891874
60,0.840003,0.879601,0.900945,0.891625
60,0.844030,0.879601,0.899382,0.891128
60,0.846145,0.879490,0.899141,0.891690
60,0.847636,0.879711,0.899141,0.891312
60,0.849331,0.879601,0.900083,0.891561
60,0.843609,0.879711,0.899853,0.891376
60,0.842335,0.879601,0.899532,0.891690
60,0.841481,0.880582,0.899692,0.892003
60,0.840328,0.879822,0.899853,0.891818
60,0.843175,0.880790,0.900864,0.892251
60,0.837671,0.880582,0.899612,0.891938
60,0.834702,0.880140,0.901726,0.891938
60,0.842864,0.879822,0.900163,0.891938
60,0.842647,0.880679,0.900163,0.892131
60,0.842552,0.880472,0.901415,0.892564
60,0.842755,0.880901,0.902748,0.892629
60,0.840749,0.880140,0.902117,0.892693
60,0.836613,0.880361,0.900243,0.892251
60,0.838091,0.880790,0.900163,0.892564
60,0.838728,0.880790,0.900784,0.892629
60,0.843718,0.880790,0.900243,0.892508
60,0.842118,0.880790,0.900554,0.892757
60,0.840749,0.880790,0.902978,0.893006
60,0.842552,0.880582,0.901335,0.892251
60,0.841060,0.880901,0.900864,0.892444
60,0.841386,0.880790,0.903059,0.893199
60,0.844775,0.881219,0.902668,0.893006
60,0.950921,0.921308,0.952890,0.882788
60,0.954773,0.921197,0.952321,0.882972
60,0.955083,0.921197,0.952321,0.882908
60,0.953030,0.921419,0.952510,0.882908
60,0.958998,0.921419,0.953086,0.883157
60,0.956698,0.921197,0.952412,0.882908
60,0.958131,0.921529,0.952847,0.882659
60,0.956141,0.921419,0.952847,0.882595
60,0.957757,0.921847,0.952651,0.882844
60,0.952409,0.921419,0.952798,0.882595
60,0.951971,0.921626,0.953705,0.882788
60,0.954709,0.921847,0.952890,0.882972
60,0.956635,0.921626,0.952939,0.882788
60,0.955330,0.921626,0.952700,0.882908
60,0.953714,0.921626,0.952700,0.883037
60,0.955895,0.921626,0.952847,0.883037
60,0.956269,0.922069,0.952989,0.883101
60,0.953157,0.922276,0.953086,0.883663
60,0.956579,0.922165,0.952989,0.883101
60,0.955895,0.922387,0.953276,0.883599
60,0.957263,0.922387,0.953178,0.883157
60,0.954335,0.922276,0.953227,0.883157
60,0.955147,0.922815,0.953852,0.884160
60,0.952473,0.922608,0.952989,0.883221
60,0.951971,0.922608,0.952989,0.883599
60,0.950483,0.922387,0.953466,0.883599
60,0.955457,0.923037,0.953136,0.883478
60,0.953961,0.923147,0.954232,0.883847
60,0.955274,0.922926,0.953564,0.883847
60,0.957757,0.923258,0.953705,0.883976
60,0.945446,0.840017,0.919419,0.810175
60,0.941905,0.839796,0.919810,0.810388
60,0.946003,0.840651,0.920591,0.811430
60,0.943767,0.840430,0.919419,0.812258
60,0.941969,0.840872,0.920361,0.811644
60,0.946194,0.841092,0.919960,0.811644
60,0.944953,0.840651,0.921373,0.811857
60,0.943019,0.840651,0.919569,0.813112
60,0.942215,0.840651,0.919960,0.810602
60,0.940974,0.842168,0.922625,0.813727
60,0.941905,0.841313,0.919730,0.811430
60,0.940099,0.841534,0.921844,0.811857
60,0.941284,0.842389,0.921062,0.812685
60,0.944205,0.842389,0.920361,0.813727
60,0.944388,0.841727,0.920201,0.812685
60,0.946879,0.841092,0.920511,0.814982
60,0.946067,0.842168,0.920752,0.812685
60,0.942836,0.842610,0.920671,0.812899
60,0.941714,0.842389,0.922866,0.814367
60,0.944953,0.843023,0.921062,0.812899
60,0.941467,0.842389,0.920902,0.812899
60,0.943210,0.842610,0.922936,0.814154
60,0.944762,0.843465,0.920902,0.813940
60,0.943274,0.843023,0.922866,0.814554
60,0.943329,0.843023,0.921062,0.813112
60,0.940719,0.843244,0.921293,0.813513
60,0.942836,0.843465,0.921142,0.813513
60,0.942024,0.843465,0.923797,0.814982
60,0.941404,0.844099,0.921613,0.815596
60,0.943520,0.844099,0.921373,0.815409
